#
# There is insufficient memory for the Java Runtime Environment to continue.
# Native memory allocation (malloc) failed to allocate 1637624 bytes. Error detail: Chunk::new
# Possible reasons:
#   The system is out of physical RAM or swap space
#   This process is running with CompressedOops enabled, and the Java Heap may be blocking the growth of the native heap
# Possible solutions:
#   Reduce memory load on the system
#   Increase physical memory or swap space
#   Check if swap backing store is full
#   Decrease Java heap size (-Xmx/-Xms)
#   Decrease number of Java threads
#   Decrease Java thread stack sizes (-Xss)
#   Set larger code cache with -XX:ReservedCodeCacheSize=
#   JVM is running with Unscaled Compressed Oops mode in which the Java heap is
#     placed in the first 4GB address space. The Java Heap base address is the
#     maximum limit for the native heap growth. Please use -XX:HeapBaseMinAddress
#     to set the Java Heap base and to place the Java Heap above 4GB virtual address.
# This output file may be truncated or incomplete.
#
#  Out of Memory Error (arena.cpp:186), pid=18340, tid=28004
#
# JRE version: OpenJDK Runtime Environment (25.0.2) (build 25.0.2+-15348964-b329.117)
# Java VM: OpenJDK 64-Bit Server VM (25.0.2+-15348964-b329.117, mixed mode, tiered, compressed oops, compressed class ptrs, g1 gc, windows-amd64)
# No core dump will be written. Minidumps are not enabled by default on client versions of Windows
#

---------------  S U M M A R Y ------------

Command Line: --add-opens=java.base/java.lang=ALL-UNNAMED --add-opens=java.base/java.lang.invoke=ALL-UNNAMED --add-opens=java.base/java.util=ALL-UNNAMED --add-opens=java.prefs/java.util.prefs=ALL-UNNAMED --add-exports=jdk.compiler/com.sun.tools.javac.api=ALL-UNNAMED --add-exports=jdk.compiler/com.sun.tools.javac.util=ALL-UNNAMED --add-opens=java.base/java.nio.charset=ALL-UNNAMED --add-opens=java.base/java.net=ALL-UNNAMED --add-opens=java.base/java.util.concurrent=ALL-UNNAMED --add-opens=java.base/java.util.concurrent.atomic=ALL-UNNAMED --add-opens=java.xml/javax.xml.namespace=ALL-UNNAMED --add-opens=java.base/java.time=ALL-UNNAMED --enable-native-access=ALL-UNNAMED -Xmx2048m -Dfile.encoding=UTF-8 -Duser.country=SE -Duser.language=sv -Duser.variant -javaagent:C:\Users\iffeH\.gradle\wrapper\dists\gradle-9.5.0-bin\bvnork1r7n8i6kp5cnkibsc9q\gradle-9.5.0\lib\agents\gradle-instrumentation-agent-9.5.0.jar org.gradle.launcher.daemon.bootstrap.GradleDaemon 9.5.0

Host: AMD Ryzen 5 7530U with Radeon Graphics         , 12 cores, 5G,  Windows 11 , 64 bit Build 26100 (10.0.26100.9168)
Time: Fri Sep  4 09:20:11 2026 Västeuropa, sommartid elapsed time: 19.136231 seconds (0d 0h 0m 19s)

---------------  T H R E A D  ---------------

Current thread (0x0000028538095cb0):  JavaThread "C2 CompilerThread0" daemon [_thread_in_native, id=28004, stack(0x000000a0fb400000,0x000000a0fb500000) (1024K)]


Current CompileTask:
C2:19136 10344       4       com.android.tools.r8.internal.dv::a (4509 bytes)

Stack: [0x000000a0fb400000,0x000000a0fb500000]
Native frames: (J=compiled Java code, j=interpreted, Vv=VM code, C=native code)
V  [jvm.dll+0x7bd439]  (no source info available)
V  [jvm.dll+0x78763d]  (no source info available)
V  [jvm.dll+0xa0c885]  (no source info available)
V  [jvm.dll+0xa0ef04]  (no source info available)
V  [jvm.dll+0xa0f603]  (no source info available)
V  [jvm.dll+0x309bf6]  (no source info available)
V  [jvm.dll+0x10ea69]  (no source info available)
V  [jvm.dll+0x10ed92]  (no source info available)
V  [jvm.dll+0x45d999]  (no source info available)
V  [jvm.dll+0x25f89f]  (no source info available)
V  [jvm.dll+0x2cdf32]  (no source info available)
V  [jvm.dll+0x2cd221]  (no source info available)
V  [jvm.dll+0x242ffa]  (no source info available)
V  [jvm.dll+0x2dcc05]  (no source info available)
V  [jvm.dll+0x2dae06]  (no source info available)
V  [jvm.dll+0x49b59e]  (no source info available)
V  [jvm.dll+0x9ab9c8]  (no source info available)
V  [jvm.dll+0x7bb985]  (no source info available)
C  [ucrtbase.dll+0x2cd30]  (no source info available)
C  [KERNEL32.DLL+0x2ccb7]  (no source info available)
C  [ntdll.dll+0xaad6c]  (no source info available)

Lock stack of current Java thread (top to bottom):


---------------  P R O C E S S  ---------------

Threads class SMR info:
_java_thread_list=0x0000028541d9b220, length=78, elements={
0x000002852004e8c0, 0x0000028538074e30, 0x00000285380784a0, 0x00000285380b1dc0,
0x00000285380772f0, 0x0000028538090f50, 0x00000285380922b0, 0x0000028538094620,
0x0000028538095cb0, 0x0000028538096c60, 0x000002853853a400, 0x000002853f3db520,
0x000002853f66e890, 0x000002853df69170, 0x000002853f87d520, 0x000002853f66d040,
0x000002853f668010, 0x000002853f4c5770, 0x000002853f4c6710, 0x000002853f4cad60,
0x000002853f45f000, 0x000002853f461710, 0x000002853f45e060, 0x000002853f461ee0,
0x000002853f463e20, 0x000002853f462e80, 0x000002853f4645f0, 0x000002853f933190,
0x000002853f934900, 0x000002853f9350d0, 0x000002853f9329c0, 0x000002853f9377e0,
0x0000028540a6f080, 0x0000028540a71790, 0x0000028540a72730, 0x0000028540a736d0,
0x0000028540a75610, 0x0000028540a765b0, 0x000002853fbe6400, 0x000002853fbe3520,
0x000002853fbe6bd0, 0x000002853fbe3cf0, 0x000002853fe18d80, 0x000002853fe19550,
0x000002853fe1a4f0, 0x000002853fe1acc0, 0x000002853fe1b490, 0x000002853fe1bc60,
0x000002853fe1e370, 0x000002853fe0f9e0, 0x000002853fe11150, 0x000002853fe10980,
0x000002853fe0ea40, 0x000002853fe0f210, 0x000002853fe101b0, 0x000002853fe157a0,
0x000002853fe14800, 0x000002853fe15f70, 0x00000285386a8330, 0x00000285386ab9e0,
0x00000285386aaa40, 0x00000285386af860, 0x000002853f936070, 0x0000028540a6f850,
0x00000285413efff0, 0x00000285413ee880, 0x00000285413f1f30, 0x00000285413f2700,
0x00000285413f2ed0, 0x00000285413f36a0, 0x00000285413f4e10, 0x00000285413f55e0,
0x0000028541aa1600, 0x0000028541aa1dd0, 0x0000028541aa44e0, 0x0000028541aa8360,
0x0000028541aa5c50, 0x0000028541aa6420
}

Java Threads: ( => current thread )
  0x000002852004e8c0 JavaThread "main"                              [_thread_blocked, id=32196, stack(0x000000a0fa500000,0x000000a0fa600000) (1024K)]
  0x0000028538074e30 JavaThread "Common-Cleaner"             daemon [_thread_blocked, id=5144, stack(0x000000a0fad00000,0x000000a0fae00000) (1024K)]
  0x00000285380784a0 JavaThread "Reference Handler"          daemon [_thread_blocked, id=16764, stack(0x000000a0fae00000,0x000000a0faf00000) (1024K)]
  0x00000285380b1dc0 JavaThread "Finalizer"                  daemon [_thread_blocked, id=32044, stack(0x000000a0faf00000,0x000000a0fb000000) (1024K)]
  0x00000285380772f0 JavaThread "Signal Dispatcher"          daemon [_thread_blocked, id=29476, stack(0x000000a0fb000000,0x000000a0fb100000) (1024K)]
  0x0000028538090f50 JavaThread "Attach Listener"            daemon [_thread_blocked, id=16136, stack(0x000000a0fb100000,0x000000a0fb200000) (1024K)]
  0x00000285380922b0 JavaThread "Service Thread"             daemon [_thread_blocked, id=17232, stack(0x000000a0fb200000,0x000000a0fb300000) (1024K)]
  0x0000028538094620 JavaThread "Monitor Deflation Thread"   daemon [_thread_blocked, id=24732, stack(0x000000a0fb300000,0x000000a0fb400000) (1024K)]
=>0x0000028538095cb0 JavaThread "C2 CompilerThread0"         daemon [_thread_in_native, id=28004, stack(0x000000a0fb400000,0x000000a0fb500000) (1024K)]
  0x0000028538096c60 JavaThread "C1 CompilerThread0"         daemon [_thread_blocked, id=31520, stack(0x000000a0fb500000,0x000000a0fb600000) (1024K)]
  0x000002853853a400 JavaThread "Notification Thread"        daemon [_thread_blocked, id=28320, stack(0x000000a0fb600000,0x000000a0fb700000) (1024K)]
  0x000002853f3db520 JavaThread "Daemon health stats"               [_thread_blocked, id=33240, stack(0x000000a0fbc00000,0x000000a0fbd00000) (1024K)]
  0x000002853f66e890 JavaThread "Incoming local TCP Connector on port 62922"        [_thread_in_native, id=25480, stack(0x000000a0fbd00000,0x000000a0fbe00000) (1024K)]
  0x000002853df69170 JavaThread "Daemon periodic checks"            [_thread_blocked, id=17148, stack(0x000000a0fbe00000,0x000000a0fbf00000) (1024K)]
  0x000002853f87d520 JavaThread "Daemon"                            [_thread_blocked, id=25944, stack(0x000000a0fbf00000,0x000000a0fc000000) (1024K)]
  0x000002853f66d040 JavaThread "Handler for socket connection from /127.0.0.1:62922 to /127.0.0.1:62923"        [_thread_in_native, id=6764, stack(0x000000a0fc000000,0x000000a0fc100000) (1024K)]
  0x000002853f668010 JavaThread "Cancel handler"                    [_thread_blocked, id=33344, stack(0x000000a0fc100000,0x000000a0fc200000) (1024K)]
  0x000002853f4c5770 JavaThread "Daemon worker"                     [_thread_blocked, id=32440, stack(0x000000a0fc200000,0x000000a0fc300000) (1024K)]
  0x000002853f4c6710 JavaThread "Asynchronous log dispatcher for DefaultDaemonConnection: socket connection from /127.0.0.1:62922 to /127.0.0.1:62923"        [_thread_blocked, id=31524, stack(0x000000a0fc900000,0x000000a0fca00000) (1024K)]
  0x000002853f4cad60 JavaThread "Stdin handler"                     [_thread_blocked, id=27428, stack(0x000000a0fca00000,0x000000a0fcb00000) (1024K)]
  0x000002853f45f000 JavaThread "Daemon client event forwarder"        [_thread_blocked, id=12636, stack(0x000000a0fcb00000,0x000000a0fcc00000) (1024K)]
  0x000002853f461710 JavaThread "Cache worker for journal cache (C:\Users\iffeH\.gradle\caches\journal-1)"        [_thread_blocked, id=30616, stack(0x000000a0fcc00000,0x000000a0fcd00000) (1024K)]
  0x000002853f45e060 JavaThread "File lock request listener"        [_thread_in_native, id=32300, stack(0x000000a0fcd00000,0x000000a0fce00000) (1024K)]
  0x000002853f461ee0 JavaThread "Cache worker for file hash cache (C:\Users\iffeH\.gradle\caches\9.5.0\fileHashes)"        [_thread_blocked, id=23596, stack(0x000000a0fce00000,0x000000a0fcf00000) (1024K)]
  0x000002853f463e20 JavaThread "Cache worker for file hash cache (C:\Users\iffeH\AndroidStudioProjects\LifeCycle_V6\.gradle\9.5.0\fileHashes)"        [_thread_blocked, id=5688, stack(0x000000a0fcf00000,0x000000a0fd000000) (1024K)]
  0x000002853f462e80 JavaThread "Cache worker for checksums cache (C:\Users\iffeH\AndroidStudioProjects\LifeCycle_V6\.gradle\9.5.0\checksums)"        [_thread_blocked, id=31544, stack(0x000000a0fd000000,0x000000a0fd100000) (1024K)]
  0x000002853f4645f0 JavaThread "Cache worker for Build Output Cleanup Cache (C:\Users\iffeH\AndroidStudioProjects\LifeCycle_V6\.gradle\buildOutputCleanup)"        [_thread_blocked, id=18956, stack(0x000000a0fd100000,0x000000a0fd200000) (1024K)]
  0x000002853f933190 JavaThread "Cache worker for file content cache (C:\Users\iffeH\.gradle\caches\9.5.0\fileContent)"        [_thread_blocked, id=20424, stack(0x000000a0fd200000,0x000000a0fd300000) (1024K)]
  0x000002853f934900 JavaThread "File watcher server"        daemon [_thread_in_native, id=21924, stack(0x000000a0fd300000,0x000000a0fd400000) (1024K)]
  0x000002853f9350d0 JavaThread "File watcher consumer"      daemon [_thread_blocked, id=14296, stack(0x000000a0fd400000,0x000000a0fd500000) (1024K)]
  0x000002853f9329c0 JavaThread "Cache worker for cache directory md-supplier (C:\Users\iffeH\.gradle\caches\9.5.0\md-supplier)"        [_thread_blocked, id=28428, stack(0x000000a0fd500000,0x000000a0fd600000) (1024K)]
  0x000002853f9377e0 JavaThread "Cache worker for cache directory md-rule (C:\Users\iffeH\.gradle\caches\9.5.0\md-rule)"        [_thread_blocked, id=21672, stack(0x000000a0fd600000,0x000000a0fd700000) (1024K)]
  0x0000028540a6f080 JavaThread "build event listener"              [_thread_blocked, id=27520, stack(0x000000a0fd800000,0x000000a0fd900000) (1024K)]
  0x0000028540a71790 JavaThread "build event listener"              [_thread_blocked, id=31304, stack(0x000000a0fd900000,0x000000a0fda00000) (1024K)]
  0x0000028540a72730 JavaThread "Build operations"                  [_thread_in_native, id=10596, stack(0x000000a0fda00000,0x000000a0fdb00000) (1024K)]
  0x0000028540a736d0 JavaThread "Memory manager"                    [_thread_blocked, id=27504, stack(0x000000a0fd700000,0x000000a0fd800000) (1024K)]
  0x0000028540a75610 JavaThread "included builds"                   [_thread_in_native, id=29456, stack(0x000000a0fdb00000,0x000000a0fdc00000) (1024K)]
  0x0000028540a765b0 JavaThread "Execution worker"                  [_thread_blocked, id=4896, stack(0x000000a0fdc00000,0x000000a0fdd00000) (1024K)]
  0x000002853fbe6400 JavaThread "Execution worker Thread 2"         [_thread_blocked, id=16736, stack(0x000000a0fdd00000,0x000000a0fde00000) (1024K)]
  0x000002853fbe3520 JavaThread "Execution worker Thread 3"         [_thread_blocked, id=7792, stack(0x000000a0fde00000,0x000000a0fdf00000) (1024K)]
  0x000002853fbe6bd0 JavaThread "Execution worker Thread 4"         [_thread_blocked, id=31920, stack(0x000000a0fdf00000,0x000000a0fe000000) (1024K)]
  0x000002853fbe3cf0 JavaThread "Execution worker Thread 5"         [_thread_blocked, id=30220, stack(0x000000a0fe000000,0x000000a0fe100000) (1024K)]
  0x000002853fe18d80 JavaThread "Execution worker Thread 6"         [_thread_in_native, id=26600, stack(0x000000a0fe100000,0x000000a0fe200000) (1024K)]
  0x000002853fe19550 JavaThread "Execution worker Thread 7"         [_thread_in_native, id=33380, stack(0x000000a0fe200000,0x000000a0fe300000) (1024K)]
  0x000002853fe1a4f0 JavaThread "Execution worker Thread 8"         [_thread_in_native, id=29756, stack(0x000000a0fe300000,0x000000a0fe400000) (1024K)]
  0x000002853fe1acc0 JavaThread "Execution worker Thread 9"         [_thread_blocked, id=24376, stack(0x000000a0fe400000,0x000000a0fe500000) (1024K)]
  0x000002853fe1b490 JavaThread "Execution worker Thread 10"        [_thread_in_native, id=29328, stack(0x000000a0fe500000,0x000000a0fe600000) (1024K)]
  0x000002853fe1bc60 JavaThread "Execution worker Thread 11"        [_thread_blocked, id=16388, stack(0x000000a0fe600000,0x000000a0fe700000) (1024K)]
  0x000002853fe1e370 JavaThread "Cache worker for execution history cache (C:\Users\iffeH\AndroidStudioProjects\LifeCycle_V6\.gradle\9.5.0\executionHistory)"        [_thread_blocked, id=4416, stack(0x000000a0fe700000,0x000000a0fe800000) (1024K)]
  0x000002853fe0f9e0 JavaThread "Build operations Thread 2"         [_thread_blocked, id=21236, stack(0x000000a0fe800000,0x000000a0fe900000) (1024K)]
  0x000002853fe11150 JavaThread "Build operations Thread 3"         [_thread_in_native, id=4400, stack(0x000000a0fe900000,0x000000a0fea00000) (1024K)]
  0x000002853fe10980 JavaThread "Build operations Thread 4"         [_thread_blocked, id=31736, stack(0x000000a0fea00000,0x000000a0feb00000) (1024K)]
  0x000002853fe0ea40 JavaThread "Build operations Thread 5"         [_thread_blocked, id=20996, stack(0x000000a0feb00000,0x000000a0fec00000) (1024K)]
  0x000002853fe0f210 JavaThread "Build operations Thread 7"         [_thread_blocked, id=29148, stack(0x000000a0fec00000,0x000000a0fed00000) (1024K)]
  0x000002853fe101b0 JavaThread "Build operations Thread 6"         [_thread_in_native, id=13012, stack(0x000000a0fed00000,0x000000a0fee00000) (1024K)]
  0x000002853fe157a0 JavaThread "Build operations Thread 8"         [_thread_blocked, id=2448, stack(0x000000a0fee00000,0x000000a0fef00000) (1024K)]
  0x000002853fe14800 JavaThread "Build operations Thread 9"         [_thread_blocked, id=31720, stack(0x000000a0fef00000,0x000000a0ff000000) (1024K)]
  0x000002853fe15f70 JavaThread "Build operations Thread 10"        [_thread_in_native, id=32604, stack(0x000000a0ff000000,0x000000a0ff100000) (1024K)]
  0x00000285386a8330 JavaThread "Build operations Thread 11"        [_thread_blocked, id=740, stack(0x000000a0ff100000,0x000000a0ff200000) (1024K)]
  0x00000285386ab9e0 JavaThread "Build operations Thread 12"        [_thread_in_native, id=15820, stack(0x000000a0ff200000,0x000000a0ff300000) (1024K)]
  0x00000285386aaa40 JavaThread "WorkerExecutor Queue"              [_thread_blocked, id=31032, stack(0x000000a0ff300000,0x000000a0ff400000) (1024K)]
  0x00000285386af860 JavaThread "WorkerExecutor Queue Thread 2"        [_thread_in_native, id=4844, stack(0x000000a0ff400000,0x000000a0ff500000) (1024K)]
  0x000002853f936070 JavaThread "ForkJoinPool-1-worker-1"    daemon [_thread_blocked, id=29484, stack(0x000000a0ff500000,0x000000a0ff600000) (1024K)]
  0x0000028540a6f850 JavaThread "ForkJoinPool-1-worker-2"    daemon [_thread_blocked, id=6132, stack(0x000000a0ff600000,0x000000a0ff700000) (1024K)]
  0x00000285413efff0 JavaThread "ForkJoinPool-1-worker-3"    daemon [_thread_blocked, id=15928, stack(0x000000a0ff700000,0x000000a0ff800000) (1024K)]
  0x00000285413ee880 JavaThread "ForkJoinPool-1-worker-4"    daemon [_thread_blocked, id=412, stack(0x000000a0ff800000,0x000000a0ff900000) (1024K)]
  0x00000285413f1f30 JavaThread "ForkJoinPool-1-worker-6"    daemon [_thread_blocked, id=25288, stack(0x000000a0ff900000,0x000000a0ffa00000) (1024K)]
  0x00000285413f2700 JavaThread "ForkJoinPool-1-worker-5"    daemon [_thread_blocked, id=15880, stack(0x000000a0ffa00000,0x000000a0ffb00000) (1024K)]
  0x00000285413f2ed0 JavaThread "ForkJoinPool-1-worker-7"    daemon [_thread_blocked, id=20184, stack(0x000000a0ffb00000,0x000000a0ffc00000) (1024K)]
  0x00000285413f36a0 JavaThread "ForkJoinPool-1-worker-8"    daemon [_thread_blocked, id=23272, stack(0x000000a0ffc00000,0x000000a0ffd00000) (1024K)]
  0x00000285413f4e10 JavaThread "ForkJoinPool-1-worker-9"    daemon [_thread_blocked, id=12496, stack(0x000000a0ffd00000,0x000000a0ffe00000) (1024K)]
  0x00000285413f55e0 JavaThread "ForkJoinPool-1-worker-10"   daemon [_thread_blocked, id=30564, stack(0x000000a0ffe00000,0x000000a0fff00000) (1024K)]
  0x0000028541aa1600 JavaThread "ForkJoinPool-1-worker-11"   daemon [_thread_blocked, id=25960, stack(0x000000a0fff00000,0x000000a100000000) (1024K)]
  0x0000028541aa1dd0 JavaThread "ForkJoinPool-1-worker-12"   daemon [_thread_blocked, id=16648, stack(0x000000a080000000,0x000000a080100000) (1024K)]
  0x0000028541aa44e0 JavaThread "WorkerExecutor Queue Thread 3"        [_thread_in_Java, id=31432, stack(0x000000a080100000,0x000000a080200000) (1024K)]
  0x0000028541aa8360 JavaThread "WorkerExecutor Queue Thread 4"        [_thread_blocked, id=26480, stack(0x000000a080200000,0x000000a080300000) (1024K)]
  0x0000028541aa5c50 JavaThread "WorkerExecutor Queue Thread 5"        [_thread_blocked, id=7288, stack(0x000000a080300000,0x000000a080400000) (1024K)]
  0x0000028541aa6420 JavaThread "WorkerExecutor Queue Thread 6"        [_thread_blocked, id=7688, stack(0x000000a080400000,0x000000a080500000) (1024K)]
Total: 78

Other Threads:
  0x000002853804db70 VMThread "VM Thread"                           [id=23048, stack(0x000000a0fac00000,0x000000a0fad00000) (1024K)]
  0x0000028538012670 WatcherThread "VM Periodic Task Thread"        [id=30132, stack(0x000000a0fab00000,0x000000a0fac00000) (1024K)]
  0x00000285200a8210 WorkerThread "GC Thread#0"                     [id=2496, stack(0x000000a0fa600000,0x000000a0fa700000) (1024K)]
  0x000002853d789280 WorkerThread "GC Thread#1"                     [id=31976, stack(0x000000a0fb700000,0x000000a0fb800000) (1024K)]
  0x000002853d7b2020 WorkerThread "GC Thread#2"                     [id=7652, stack(0x000000a0fb800000,0x000000a0fb900000) (1024K)]
  0x000002853d7b2450 WorkerThread "GC Thread#3"                     [id=29420, stack(0x000000a0fb900000,0x000000a0fba00000) (1024K)]
  0x000002853d7b2880 WorkerThread "GC Thread#4"                     [id=3668, stack(0x000000a0fba00000,0x000000a0fbb00000) (1024K)]
  0x000002853d7b60c0 WorkerThread "GC Thread#5"                     [id=32368, stack(0x000000a0fbb00000,0x000000a0fbc00000) (1024K)]
  0x000002853d7b4f80 WorkerThread "GC Thread#6"                     [id=31248, stack(0x000000a0fc300000,0x000000a0fc400000) (1024K)]
  0x000002853d7b53d0 WorkerThread "GC Thread#7"                     [id=22836, stack(0x000000a0fc400000,0x000000a0fc500000) (1024K)]
  0x000002853d7b4b30 WorkerThread "GC Thread#8"                     [id=420, stack(0x000000a0fc500000,0x000000a0fc600000) (1024K)]
  0x000002853d7b35a0 WorkerThread "GC Thread#9"                     [id=17552, stack(0x000000a0fc600000,0x000000a0fc700000) (1024K)]
  0x00000285200c29d0 ConcurrentGCThread "G1 Main Marker"            [id=3116, stack(0x000000a0fa700000,0x000000a0fa800000) (1024K)]
  0x00000285200c3d10 WorkerThread "G1 Conc#0"                       [id=18688, stack(0x000000a0fa800000,0x000000a0fa900000) (1024K)]
  0x000002853d7b4290 WorkerThread "G1 Conc#1"                       [id=32076, stack(0x000000a0fc700000,0x000000a0fc800000) (1024K)]
  0x000002853d7b5820 WorkerThread "G1 Conc#2"                       [id=5928, stack(0x000000a0fc800000,0x000000a0fc900000) (1024K)]
  0x000002852010e490 ConcurrentGCThread "G1 Refine#0"               [id=19564, stack(0x000000a0fa900000,0x000000a0faa00000) (1024K)]
  0x0000028537ede110 ConcurrentGCThread "G1 Service"                [id=26424, stack(0x000000a0faa00000,0x000000a0fab00000) (1024K)]
Total: 18

Threads with active compile tasks:
C2 CompilerThread0  19307 10344       4       com.android.tools.r8.internal.dv::a (4509 bytes)
Total: 1

VM state: not at safepoint (normal execution)

VM Mutex/Monitor currently owned by a thread: None

Heap address: 0x0000000080000000, size: 2048 MB, Compressed Oops mode: 32-bit

CDS archive(s) not mapped
Compressed class space mapped at: 0x0000000027000000-0x0000000067000000, reserved size: 1073741824
UseCompressedClassPointers 1, UseCompactObjectHeaders 0
Narrow klass pointer bits 32, Max shift 3
Narrow klass base: 0x0000000000000000, Narrow klass shift: 0
Encoding Range: [0x0000000000000000 - 0x0000000100000000), (4294967296 bytes)
Klass Range:    [0x0000000027000000 - 0x0000000067000000), (1073741824 bytes)
Klass ID Range:  [654311424 - 1728053241) (1073741817)
No protection zone.

GC Precious Log:
 CardTable entry size: 512
 Card Set container configuration: InlinePtr #cards 5 size 8 Array Of Cards #cards 10 size 36 Howl #buckets 4 coarsen threshold 1843 Howl Bitmap #cards 512 size 80 coarsen threshold 460 Card regions per heap region 1 cards per card region 2048
 CPUs: 12 total, 12 available
 Memory: 5981M
 Large Page Support: Disabled
 NUMA Support: Disabled
 Compressed Oops: Enabled (32-bit)
 Heap Region Size: 1M
 Heap Min Capacity: 8M
 Heap Initial Capacity: 94M
 Heap Max Capacity: 2G
 Pre-touch: Disabled
 Parallel Workers: 10
 Concurrent Workers: 3
 Concurrent Refinement Workers: 10
 Periodic GC: Disabled

Heap:
 garbage-first heap   total reserved 2097152K, committed 349184K, used 212651K [0x0000000080000000, 0x0000000100000000)
  region size 1024K, 86 young (88064K), 18 survivors (18432K)

Heap Regions: E=young(eden), S=young(survivor), O=old, HS=humongous(starts), HC=humongous(continues), CS=collection set, F=free, TAMS=top-at-mark-start, PB=parsable bottom
|   0|0x0000000080000000, 0x0000000080100000, 0x0000000080100000|100%|HS|  |TAMS 0x0000000080000000| PB 0x0000000080000000| Complete |  0
|   1|0x0000000080100000, 0x0000000080200000, 0x0000000080200000|100%|HC|  |TAMS 0x0000000080100000| PB 0x0000000080100000| Complete |  0
|   2|0x0000000080200000, 0x0000000080300000, 0x0000000080300000|100%|HC|  |TAMS 0x0000000080200000| PB 0x0000000080200000| Complete |  0
|   3|0x0000000080300000, 0x0000000080400000, 0x0000000080400000|100%|HC|  |TAMS 0x0000000080300000| PB 0x0000000080300000| Complete |  0
|   4|0x0000000080400000, 0x0000000080500000, 0x0000000080500000|100%| O|  |TAMS 0x0000000080400000| PB 0x0000000080400000| Untracked |  0
|   5|0x0000000080500000, 0x0000000080600000, 0x0000000080600000|100%| O|  |TAMS 0x0000000080500000| PB 0x0000000080500000| Untracked |  0
|   6|0x0000000080600000, 0x0000000080700000, 0x0000000080700000|100%| O|  |TAMS 0x0000000080600000| PB 0x0000000080600000| Untracked |  0
|   7|0x0000000080700000, 0x0000000080800000, 0x0000000080800000|100%|HS|  |TAMS 0x0000000080700000| PB 0x0000000080700000| Complete |  0
|   8|0x0000000080800000, 0x0000000080900000, 0x0000000080900000|100%| O|  |TAMS 0x0000000080800000| PB 0x0000000080800000| Untracked |  0
|   9|0x0000000080900000, 0x0000000080a00000, 0x0000000080a00000|100%| O|  |TAMS 0x0000000080900000| PB 0x0000000080900000| Untracked |  0
|  10|0x0000000080a00000, 0x0000000080b00000, 0x0000000080b00000|100%|HS|  |TAMS 0x0000000080a00000| PB 0x0000000080a00000| Complete |  0
|  11|0x0000000080b00000, 0x0000000080c00000, 0x0000000080c00000|100%| O|  |TAMS 0x0000000080b00000| PB 0x0000000080b00000| Untracked |  0
|  12|0x0000000080c00000, 0x0000000080d00000, 0x0000000080d00000|100%| O|  |TAMS 0x0000000080c00000| PB 0x0000000080c00000| Untracked |  0
|  13|0x0000000080d00000, 0x0000000080e00000, 0x0000000080e00000|100%| O|  |TAMS 0x0000000080d00000| PB 0x0000000080d00000| Untracked |  0
|  14|0x0000000080e00000, 0x0000000080f00000, 0x0000000080f00000|100%| O|  |TAMS 0x0000000080e00000| PB 0x0000000080e00000| Untracked |  0
|  15|0x0000000080f00000, 0x0000000081000000, 0x0000000081000000|100%| O|  |TAMS 0x0000000080f00000| PB 0x0000000080f00000| Untracked |  0
|  16|0x0000000081000000, 0x0000000081100000, 0x0000000081100000|100%| O|  |TAMS 0x0000000081000000| PB 0x0000000081000000| Untracked |  0
|  17|0x0000000081100000, 0x0000000081200000, 0x0000000081200000|100%|HS|  |TAMS 0x0000000081100000| PB 0x0000000081100000| Complete |  0
|  18|0x0000000081200000, 0x0000000081300000, 0x0000000081300000|100%|HS|  |TAMS 0x0000000081200000| PB 0x0000000081200000| Complete |  0
|  19|0x0000000081300000, 0x0000000081400000, 0x0000000081400000|100%| O|  |TAMS 0x0000000081300000| PB 0x0000000081300000| Untracked |  0
|  20|0x0000000081400000, 0x0000000081500000, 0x0000000081500000|100%| O|  |TAMS 0x0000000081400000| PB 0x0000000081400000| Untracked |  0
|  21|0x0000000081500000, 0x0000000081600000, 0x0000000081600000|100%| O|  |TAMS 0x0000000081500000| PB 0x0000000081500000| Untracked |  0
|  22|0x0000000081600000, 0x0000000081700000, 0x0000000081700000|100%| O|  |TAMS 0x0000000081600000| PB 0x0000000081600000| Untracked |  0
|  23|0x0000000081700000, 0x0000000081800000, 0x0000000081800000|100%| O|  |TAMS 0x0000000081700000| PB 0x0000000081700000| Untracked |  0
|  24|0x0000000081800000, 0x0000000081900000, 0x0000000081900000|100%|HS|  |TAMS 0x0000000081800000| PB 0x0000000081800000| Complete |  0
|  25|0x0000000081900000, 0x0000000081a00000, 0x0000000081a00000|100%|HS|  |TAMS 0x0000000081900000| PB 0x0000000081900000| Complete |  0
|  26|0x0000000081a00000, 0x0000000081b00000, 0x0000000081b00000|100%| O|  |TAMS 0x0000000081a00000| PB 0x0000000081a00000| Untracked |  0
|  27|0x0000000081b00000, 0x0000000081c00000, 0x0000000081c00000|100%| O|  |TAMS 0x0000000081b00000| PB 0x0000000081b00000| Untracked |  0
|  28|0x0000000081c00000, 0x0000000081d00000, 0x0000000081d00000|100%| O|  |TAMS 0x0000000081c00000| PB 0x0000000081c00000| Untracked |  0
|  29|0x0000000081d00000, 0x0000000081e00000, 0x0000000081e00000|100%|HS|  |TAMS 0x0000000081d00000| PB 0x0000000081d00000| Complete |  0
|  30|0x0000000081e00000, 0x0000000081f00000, 0x0000000081f00000|100%|HC|  |TAMS 0x0000000081e00000| PB 0x0000000081e00000| Complete |  0
|  31|0x0000000081f00000, 0x0000000082000000, 0x0000000082000000|100%|HS|  |TAMS 0x0000000081f00000| PB 0x0000000081f00000| Complete |  0
|  32|0x0000000082000000, 0x0000000082100000, 0x0000000082100000|100%|HS|  |TAMS 0x0000000082000000| PB 0x0000000082000000| Complete |  0
|  33|0x0000000082100000, 0x0000000082200000, 0x0000000082200000|100%|HS|  |TAMS 0x0000000082100000| PB 0x0000000082100000| Complete |  0
|  34|0x0000000082200000, 0x0000000082300000, 0x0000000082300000|100%| O|  |TAMS 0x0000000082200000| PB 0x0000000082200000| Untracked |  0
|  35|0x0000000082300000, 0x0000000082400000, 0x0000000082400000|100%|HS|  |TAMS 0x0000000082300000| PB 0x0000000082300000| Complete |  0
|  36|0x0000000082400000, 0x0000000082500000, 0x0000000082500000|100%|HC|  |TAMS 0x0000000082400000| PB 0x0000000082400000| Complete |  0
|  37|0x0000000082500000, 0x0000000082600000, 0x0000000082600000|100%| O|  |TAMS 0x0000000082500000| PB 0x0000000082500000| Untracked |  0
|  38|0x0000000082600000, 0x0000000082700000, 0x0000000082700000|100%| O|  |TAMS 0x0000000082600000| PB 0x0000000082600000| Untracked |  0
|  39|0x0000000082700000, 0x0000000082800000, 0x0000000082800000|100%| O|  |TAMS 0x0000000082700000| PB 0x0000000082700000| Untracked |  0
|  40|0x0000000082800000, 0x0000000082900000, 0x0000000082900000|100%| O|  |TAMS 0x0000000082800000| PB 0x0000000082800000| Untracked |  0
|  41|0x0000000082900000, 0x0000000082a00000, 0x0000000082a00000|100%| O|  |TAMS 0x0000000082900000| PB 0x0000000082900000| Untracked |  0
|  42|0x0000000082a00000, 0x0000000082b00000, 0x0000000082b00000|100%| O|  |TAMS 0x0000000082a00000| PB 0x0000000082a00000| Untracked |  0
|  43|0x0000000082b00000, 0x0000000082c00000, 0x0000000082c00000|100%| O|  |TAMS 0x0000000082b00000| PB 0x0000000082b00000| Untracked |  0
|  44|0x0000000082c00000, 0x0000000082d00000, 0x0000000082d00000|100%| O|  |TAMS 0x0000000082c00000| PB 0x0000000082c00000| Untracked |  0
|  45|0x0000000082d00000, 0x0000000082e00000, 0x0000000082e00000|100%| O|  |TAMS 0x0000000082d00000| PB 0x0000000082d00000| Untracked |  0
|  46|0x0000000082e00000, 0x0000000082f00000, 0x0000000082f00000|100%| O|  |TAMS 0x0000000082e00000| PB 0x0000000082e00000| Untracked |  0
|  47|0x0000000082f00000, 0x0000000083000000, 0x0000000083000000|100%| O|  |TAMS 0x0000000082f00000| PB 0x0000000082f00000| Untracked |  0
|  48|0x0000000083000000, 0x0000000083100000, 0x0000000083100000|100%| O|  |TAMS 0x0000000083000000| PB 0x0000000083000000| Untracked |  0
|  49|0x0000000083100000, 0x0000000083200000, 0x0000000083200000|100%| O|  |TAMS 0x0000000083100000| PB 0x0000000083100000| Untracked |  0
|  50|0x0000000083200000, 0x0000000083300000, 0x0000000083300000|100%| O|  |TAMS 0x0000000083200000| PB 0x0000000083200000| Untracked |  0
|  51|0x0000000083300000, 0x0000000083400000, 0x0000000083400000|100%| O|  |TAMS 0x0000000083300000| PB 0x0000000083300000| Untracked |  0
|  52|0x0000000083400000, 0x0000000083500000, 0x0000000083500000|100%| O|  |TAMS 0x0000000083400000| PB 0x0000000083400000| Untracked |  0
|  53|0x0000000083500000, 0x0000000083600000, 0x0000000083600000|100%| O|  |TAMS 0x0000000083500000| PB 0x0000000083500000| Untracked |  0
|  54|0x0000000083600000, 0x0000000083700000, 0x0000000083700000|100%| O|  |TAMS 0x0000000083600000| PB 0x0000000083600000| Untracked |  0
|  55|0x0000000083700000, 0x0000000083800000, 0x0000000083800000|100%| O|  |TAMS 0x0000000083700000| PB 0x0000000083700000| Untracked |  0
|  56|0x0000000083800000, 0x0000000083900000, 0x0000000083900000|100%| O|  |TAMS 0x0000000083800000| PB 0x0000000083800000| Untracked |  0
|  57|0x0000000083900000, 0x0000000083a00000, 0x0000000083a00000|100%|HS|  |TAMS 0x0000000083900000| PB 0x0000000083900000| Complete |  0
|  58|0x0000000083a00000, 0x0000000083b00000, 0x0000000083b00000|100%|HC|  |TAMS 0x0000000083a00000| PB 0x0000000083a00000| Complete |  0
|  59|0x0000000083b00000, 0x0000000083c00000, 0x0000000083c00000|100%| O|Cm|TAMS 0x0000000083b00000| PB 0x0000000083b00000| Complete |  0
|  60|0x0000000083c00000, 0x0000000083d00000, 0x0000000083d00000|100%| O|  |TAMS 0x0000000083c00000| PB 0x0000000083c00000| Untracked |  0
|  61|0x0000000083d00000, 0x0000000083e00000, 0x0000000083e00000|100%| O|  |TAMS 0x0000000083d00000| PB 0x0000000083d00000| Untracked |  0
|  62|0x0000000083e00000, 0x0000000083f00000, 0x0000000083f00000|100%| O|  |TAMS 0x0000000083e00000| PB 0x0000000083e00000| Untracked |  0
|  63|0x0000000083f00000, 0x0000000084000000, 0x0000000084000000|100%| O|  |TAMS 0x0000000083f00000| PB 0x0000000083f00000| Untracked |  0
|  64|0x0000000084000000, 0x0000000084100000, 0x0000000084100000|100%| O|  |TAMS 0x0000000084000000| PB 0x0000000084000000| Untracked |  0
|  65|0x0000000084100000, 0x0000000084200000, 0x0000000084200000|100%| O|  |TAMS 0x0000000084100000| PB 0x0000000084100000| Untracked |  0
|  66|0x0000000084200000, 0x0000000084300000, 0x0000000084300000|100%| O|  |TAMS 0x0000000084200000| PB 0x0000000084200000| Untracked |  0
|  67|0x0000000084300000, 0x0000000084400000, 0x0000000084400000|100%| O|  |TAMS 0x0000000084300000| PB 0x0000000084300000| Untracked |  0
|  68|0x0000000084400000, 0x0000000084500000, 0x0000000084500000|100%| O|  |TAMS 0x0000000084400000| PB 0x0000000084400000| Untracked |  0
|  69|0x0000000084500000, 0x0000000084600000, 0x0000000084600000|100%| O|Cm|TAMS 0x0000000084500000| PB 0x0000000084500000| Complete |  0
|  70|0x0000000084600000, 0x0000000084700000, 0x0000000084700000|100%| O|  |TAMS 0x0000000084600000| PB 0x0000000084600000| Untracked |  0
|  71|0x0000000084700000, 0x0000000084800000, 0x0000000084800000|100%| O|  |TAMS 0x0000000084700000| PB 0x0000000084700000| Untracked |  0
|  72|0x0000000084800000, 0x0000000084900000, 0x0000000084900000|100%| O|  |TAMS 0x0000000084800000| PB 0x0000000084800000| Untracked |  0
|  73|0x0000000084900000, 0x0000000084a00000, 0x0000000084a00000|100%| O|  |TAMS 0x0000000084900000| PB 0x0000000084900000| Untracked |  0
|  74|0x0000000084a00000, 0x0000000084b00000, 0x0000000084b00000|100%| O|Cm|TAMS 0x0000000084a00000| PB 0x0000000084a00000| Complete |  0
|  75|0x0000000084b00000, 0x0000000084c00000, 0x0000000084c00000|100%| O|  |TAMS 0x0000000084b00000| PB 0x0000000084b00000| Untracked |  0
|  76|0x0000000084c00000, 0x0000000084d00000, 0x0000000084d00000|100%| O|  |TAMS 0x0000000084c00000| PB 0x0000000084c00000| Untracked |  0
|  77|0x0000000084d00000, 0x0000000084e00000, 0x0000000084e00000|100%| O|  |TAMS 0x0000000084d00000| PB 0x0000000084d00000| Untracked |  0
|  78|0x0000000084e00000, 0x0000000084f00000, 0x0000000084f00000|100%| O|  |TAMS 0x0000000084e00000| PB 0x0000000084e00000| Untracked |  0
|  79|0x0000000084f00000, 0x0000000085000000, 0x0000000085000000|100%| O|  |TAMS 0x0000000084f00000| PB 0x0000000084f00000| Untracked |  0
|  80|0x0000000085000000, 0x0000000085100000, 0x0000000085100000|100%| O|  |TAMS 0x0000000085000000| PB 0x0000000085000000| Untracked |  0
|  81|0x0000000085100000, 0x0000000085200000, 0x0000000085200000|100%| O|Cm|TAMS 0x0000000085100000| PB 0x0000000085100000| Complete |  0
|  82|0x0000000085200000, 0x0000000085300000, 0x0000000085300000|100%| O|  |TAMS 0x0000000085200000| PB 0x0000000085200000| Untracked |  0
|  83|0x0000000085300000, 0x0000000085400000, 0x0000000085400000|100%| O|  |TAMS 0x0000000085300000| PB 0x0000000085300000| Untracked |  0
|  84|0x0000000085400000, 0x0000000085500000, 0x0000000085500000|100%| O|  |TAMS 0x0000000085400000| PB 0x0000000085400000| Untracked |  0
|  85|0x0000000085500000, 0x0000000085600000, 0x0000000085600000|100%| O|  |TAMS 0x0000000085500000| PB 0x0000000085500000| Untracked |  0
|  86|0x0000000085600000, 0x0000000085700000, 0x0000000085700000|100%| O|  |TAMS 0x0000000085600000| PB 0x0000000085600000| Untracked |  0
|  87|0x0000000085700000, 0x0000000085800000, 0x0000000085800000|100%| O|  |TAMS 0x0000000085700000| PB 0x0000000085700000| Untracked |  0
|  88|0x0000000085800000, 0x0000000085900000, 0x0000000085900000|100%| O|  |TAMS 0x0000000085800000| PB 0x0000000085800000| Untracked |  0
|  89|0x0000000085900000, 0x0000000085a00000, 0x0000000085a00000|100%| O|  |TAMS 0x0000000085900000| PB 0x0000000085900000| Untracked |  0
|  90|0x0000000085a00000, 0x0000000085b00000, 0x0000000085b00000|100%| O|  |TAMS 0x0000000085a00000| PB 0x0000000085a00000| Untracked |  0
|  91|0x0000000085b00000, 0x0000000085c00000, 0x0000000085c00000|100%| O|  |TAMS 0x0000000085b00000| PB 0x0000000085b00000| Untracked |  0
|  92|0x0000000085c00000, 0x0000000085d00000, 0x0000000085d00000|100%| O|  |TAMS 0x0000000085c00000| PB 0x0000000085c00000| Untracked |  0
|  93|0x0000000085d00000, 0x0000000085e00000, 0x0000000085e00000|100%| O|  |TAMS 0x0000000085d00000| PB 0x0000000085d00000| Untracked |  0
|  94|0x0000000085e00000, 0x0000000085f00000, 0x0000000085f00000|100%| O|  |TAMS 0x0000000085e00000| PB 0x0000000085e00000| Untracked |  0
|  95|0x0000000085f00000, 0x0000000086000000, 0x0000000086000000|100%| O|  |TAMS 0x0000000085f00000| PB 0x0000000085f00000| Untracked |  0
|  96|0x0000000086000000, 0x0000000086100000, 0x0000000086100000|100%| O|  |TAMS 0x0000000086000000| PB 0x0000000086000000| Untracked |  0
|  97|0x0000000086100000, 0x0000000086200000, 0x0000000086200000|100%| O|  |TAMS 0x0000000086100000| PB 0x0000000086100000| Untracked |  0
|  98|0x0000000086200000, 0x0000000086300000, 0x0000000086300000|100%| O|  |TAMS 0x0000000086200000| PB 0x0000000086200000| Untracked |  0
|  99|0x0000000086300000, 0x0000000086400000, 0x0000000086400000|100%|HS|  |TAMS 0x0000000086300000| PB 0x0000000086300000| Complete |  0
| 100|0x0000000086400000, 0x0000000086500000, 0x0000000086500000|100%| O|  |TAMS 0x0000000086400000| PB 0x0000000086400000| Untracked |  0
| 101|0x0000000086500000, 0x0000000086600000, 0x0000000086600000|100%| O|  |TAMS 0x0000000086500000| PB 0x0000000086500000| Untracked |  0
| 102|0x0000000086600000, 0x0000000086700000, 0x0000000086700000|100%| O|  |TAMS 0x0000000086600000| PB 0x0000000086600000| Untracked |  0
| 103|0x0000000086700000, 0x0000000086800000, 0x0000000086800000|100%|HS|  |TAMS 0x0000000086700000| PB 0x0000000086700000| Complete |  0
| 104|0x0000000086800000, 0x0000000086900000, 0x0000000086900000|100%|HS|  |TAMS 0x0000000086800000| PB 0x0000000086800000| Complete |  0
| 105|0x0000000086900000, 0x0000000086a00000, 0x0000000086a00000|100%|HS|  |TAMS 0x0000000086900000| PB 0x0000000086900000| Complete |  0
| 106|0x0000000086a00000, 0x0000000086b00000, 0x0000000086b00000|100%|HS|  |TAMS 0x0000000086a00000| PB 0x0000000086a00000| Complete |  0
| 107|0x0000000086b00000, 0x0000000086c00000, 0x0000000086c00000|100%| O|  |TAMS 0x0000000086b00000| PB 0x0000000086b00000| Untracked |  0
| 108|0x0000000086c00000, 0x0000000086d00000, 0x0000000086d00000|100%| O|  |TAMS 0x0000000086c00000| PB 0x0000000086c00000| Untracked |  0
| 109|0x0000000086d00000, 0x0000000086e00000, 0x0000000086e00000|100%| O|  |TAMS 0x0000000086d00000| PB 0x0000000086d00000| Untracked |  0
| 110|0x0000000086e00000, 0x0000000086f00000, 0x0000000086f00000|100%| O|  |TAMS 0x0000000086e00000| PB 0x0000000086e00000| Untracked |  0
| 111|0x0000000086f00000, 0x0000000087000000, 0x0000000087000000|100%| O|  |TAMS 0x0000000086f00000| PB 0x0000000086f00000| Untracked |  0
| 112|0x0000000087000000, 0x00000000870aadc0, 0x0000000087100000| 66%| O|  |TAMS 0x0000000087000000| PB 0x0000000087000000| Untracked |  0
| 113|0x0000000087100000, 0x0000000087100000, 0x0000000087200000|  0%| F|  |TAMS 0x0000000087100000| PB 0x0000000087100000| Untracked |  0
| 114|0x0000000087200000, 0x0000000087200000, 0x0000000087300000|  0%| F|  |TAMS 0x0000000087200000| PB 0x0000000087200000| Untracked |  0
| 115|0x0000000087300000, 0x0000000087300000, 0x0000000087400000|  0%| F|  |TAMS 0x0000000087300000| PB 0x0000000087300000| Untracked |  0
| 116|0x0000000087400000, 0x0000000087400000, 0x0000000087500000|  0%| F|  |TAMS 0x0000000087400000| PB 0x0000000087400000| Untracked |  0
| 117|0x0000000087500000, 0x0000000087500000, 0x0000000087600000|  0%| F|  |TAMS 0x0000000087500000| PB 0x0000000087500000| Untracked |  0
| 118|0x0000000087600000, 0x0000000087600000, 0x0000000087700000|  0%| F|  |TAMS 0x0000000087600000| PB 0x0000000087600000| Untracked |  0
| 119|0x0000000087700000, 0x0000000087700000, 0x0000000087800000|  0%| F|  |TAMS 0x0000000087700000| PB 0x0000000087700000| Untracked |  0
| 120|0x0000000087800000, 0x0000000087800000, 0x0000000087900000|  0%| F|  |TAMS 0x0000000087800000| PB 0x0000000087800000| Untracked |  0
| 121|0x0000000087900000, 0x0000000087900000, 0x0000000087a00000|  0%| F|  |TAMS 0x0000000087900000| PB 0x0000000087900000| Untracked |  0
| 122|0x0000000087a00000, 0x0000000087a00000, 0x0000000087b00000|  0%| F|  |TAMS 0x0000000087a00000| PB 0x0000000087a00000| Untracked |  0
| 123|0x0000000087b00000, 0x0000000087b00000, 0x0000000087c00000|  0%| F|  |TAMS 0x0000000087b00000| PB 0x0000000087b00000| Untracked |  0
| 124|0x0000000087c00000, 0x0000000087c00000, 0x0000000087d00000|  0%| F|  |TAMS 0x0000000087c00000| PB 0x0000000087c00000| Untracked |  0
| 125|0x0000000087d00000, 0x0000000087d00000, 0x0000000087e00000|  0%| F|  |TAMS 0x0000000087d00000| PB 0x0000000087d00000| Untracked |  0
| 126|0x0000000087e00000, 0x0000000087e00000, 0x0000000087f00000|  0%| F|  |TAMS 0x0000000087e00000| PB 0x0000000087e00000| Untracked |  0
| 127|0x0000000087f00000, 0x0000000087f00000, 0x0000000088000000|  0%| F|  |TAMS 0x0000000087f00000| PB 0x0000000087f00000| Untracked |  0
| 128|0x0000000088000000, 0x0000000088000000, 0x0000000088100000|  0%| F|  |TAMS 0x0000000088000000| PB 0x0000000088000000| Untracked |  0
| 129|0x0000000088100000, 0x0000000088100000, 0x0000000088200000|  0%| F|  |TAMS 0x0000000088100000| PB 0x0000000088100000| Untracked |  0
| 130|0x0000000088200000, 0x0000000088200000, 0x0000000088300000|  0%| F|  |TAMS 0x0000000088200000| PB 0x0000000088200000| Untracked |  0
| 131|0x0000000088300000, 0x0000000088300000, 0x0000000088400000|  0%| F|  |TAMS 0x0000000088300000| PB 0x0000000088300000| Untracked |  0
| 132|0x0000000088400000, 0x0000000088400000, 0x0000000088500000|  0%| F|  |TAMS 0x0000000088400000| PB 0x0000000088400000| Untracked |  0
| 133|0x0000000088500000, 0x0000000088500000, 0x0000000088600000|  0%| F|  |TAMS 0x0000000088500000| PB 0x0000000088500000| Untracked |  0
| 134|0x0000000088600000, 0x0000000088600000, 0x0000000088700000|  0%| F|  |TAMS 0x0000000088600000| PB 0x0000000088600000| Untracked |  0
| 135|0x0000000088700000, 0x0000000088700000, 0x0000000088800000|  0%| F|  |TAMS 0x0000000088700000| PB 0x0000000088700000| Untracked |  0
| 136|0x0000000088800000, 0x0000000088800000, 0x0000000088900000|  0%| F|  |TAMS 0x0000000088800000| PB 0x0000000088800000| Untracked |  0
| 137|0x0000000088900000, 0x0000000088900000, 0x0000000088a00000|  0%| F|  |TAMS 0x0000000088900000| PB 0x0000000088900000| Untracked |  0
| 138|0x0000000088a00000, 0x0000000088a00000, 0x0000000088b00000|  0%| F|  |TAMS 0x0000000088a00000| PB 0x0000000088a00000| Untracked |  0
| 139|0x0000000088b00000, 0x0000000088b00000, 0x0000000088c00000|  0%| F|  |TAMS 0x0000000088b00000| PB 0x0000000088b00000| Untracked |  0
| 140|0x0000000088c00000, 0x0000000088c00000, 0x0000000088d00000|  0%| F|  |TAMS 0x0000000088c00000| PB 0x0000000088c00000| Untracked |  0
| 141|0x0000000088d00000, 0x0000000088d00000, 0x0000000088e00000|  0%| F|  |TAMS 0x0000000088d00000| PB 0x0000000088d00000| Untracked |  0
| 142|0x0000000088e00000, 0x0000000088e00000, 0x0000000088f00000|  0%| F|  |TAMS 0x0000000088e00000| PB 0x0000000088e00000| Untracked |  0
| 143|0x0000000088f00000, 0x0000000088f00000, 0x0000000089000000|  0%| F|  |TAMS 0x0000000088f00000| PB 0x0000000088f00000| Untracked |  0
| 144|0x0000000089000000, 0x0000000089000000, 0x0000000089100000|  0%| F|  |TAMS 0x0000000089000000| PB 0x0000000089000000| Untracked |  0
| 145|0x0000000089100000, 0x0000000089100000, 0x0000000089200000|  0%| F|  |TAMS 0x0000000089100000| PB 0x0000000089100000| Untracked |  0
| 146|0x0000000089200000, 0x0000000089200000, 0x0000000089300000|  0%| F|  |TAMS 0x0000000089200000| PB 0x0000000089200000| Untracked |  0
| 147|0x0000000089300000, 0x0000000089300000, 0x0000000089400000|  0%| F|  |TAMS 0x0000000089300000| PB 0x0000000089300000| Untracked |  0
| 148|0x0000000089400000, 0x0000000089400000, 0x0000000089500000|  0%| F|  |TAMS 0x0000000089400000| PB 0x0000000089400000| Untracked |  0
| 149|0x0000000089500000, 0x0000000089500000, 0x0000000089600000|  0%| F|  |TAMS 0x0000000089500000| PB 0x0000000089500000| Untracked |  0
| 150|0x0000000089600000, 0x0000000089600000, 0x0000000089700000|  0%| F|  |TAMS 0x0000000089600000| PB 0x0000000089600000| Untracked |  0
| 151|0x0000000089700000, 0x0000000089700000, 0x0000000089800000|  0%| F|  |TAMS 0x0000000089700000| PB 0x0000000089700000| Untracked |  0
| 152|0x0000000089800000, 0x0000000089800000, 0x0000000089900000|  0%| F|  |TAMS 0x0000000089800000| PB 0x0000000089800000| Untracked |  0
| 153|0x0000000089900000, 0x0000000089900000, 0x0000000089a00000|  0%| F|  |TAMS 0x0000000089900000| PB 0x0000000089900000| Untracked |  0
| 154|0x0000000089a00000, 0x0000000089a00000, 0x0000000089b00000|  0%| F|  |TAMS 0x0000000089a00000| PB 0x0000000089a00000| Untracked |  0
| 155|0x0000000089b00000, 0x0000000089b00000, 0x0000000089c00000|  0%| F|  |TAMS 0x0000000089b00000| PB 0x0000000089b00000| Untracked |  0
| 156|0x0000000089c00000, 0x0000000089c00000, 0x0000000089d00000|  0%| F|  |TAMS 0x0000000089c00000| PB 0x0000000089c00000| Untracked |  0
| 157|0x0000000089d00000, 0x0000000089d00000, 0x0000000089e00000|  0%| F|  |TAMS 0x0000000089d00000| PB 0x0000000089d00000| Untracked |  0
| 158|0x0000000089e00000, 0x0000000089e00000, 0x0000000089f00000|  0%| F|  |TAMS 0x0000000089e00000| PB 0x0000000089e00000| Untracked |  0
| 159|0x0000000089f00000, 0x0000000089f00000, 0x000000008a000000|  0%| F|  |TAMS 0x0000000089f00000| PB 0x0000000089f00000| Untracked |  0
| 160|0x000000008a000000, 0x000000008a000000, 0x000000008a100000|  0%| F|  |TAMS 0x000000008a000000| PB 0x000000008a000000| Untracked |  0
| 161|0x000000008a100000, 0x000000008a100000, 0x000000008a200000|  0%| F|  |TAMS 0x000000008a100000| PB 0x000000008a100000| Untracked |  0
| 162|0x000000008a200000, 0x000000008a200000, 0x000000008a300000|  0%| F|  |TAMS 0x000000008a200000| PB 0x000000008a200000| Untracked |  0
| 163|0x000000008a300000, 0x000000008a300000, 0x000000008a400000|  0%| F|  |TAMS 0x000000008a300000| PB 0x000000008a300000| Untracked |  0
| 164|0x000000008a400000, 0x000000008a400000, 0x000000008a500000|  0%| F|  |TAMS 0x000000008a400000| PB 0x000000008a400000| Untracked |  0
| 165|0x000000008a500000, 0x000000008a500000, 0x000000008a600000|  0%| F|  |TAMS 0x000000008a500000| PB 0x000000008a500000| Untracked |  0
| 166|0x000000008a600000, 0x000000008a600000, 0x000000008a700000|  0%| F|  |TAMS 0x000000008a600000| PB 0x000000008a600000| Untracked |  0
| 167|0x000000008a700000, 0x000000008a700000, 0x000000008a800000|  0%| F|  |TAMS 0x000000008a700000| PB 0x000000008a700000| Untracked |  0
| 168|0x000000008a800000, 0x000000008a800000, 0x000000008a900000|  0%| F|  |TAMS 0x000000008a800000| PB 0x000000008a800000| Untracked |  0
| 169|0x000000008a900000, 0x000000008a900000, 0x000000008aa00000|  0%| F|  |TAMS 0x000000008a900000| PB 0x000000008a900000| Untracked |  0
| 170|0x000000008aa00000, 0x000000008aa00000, 0x000000008ab00000|  0%| F|  |TAMS 0x000000008aa00000| PB 0x000000008aa00000| Untracked |  0
| 171|0x000000008ab00000, 0x000000008ab00000, 0x000000008ac00000|  0%| F|  |TAMS 0x000000008ab00000| PB 0x000000008ab00000| Untracked |  0
| 172|0x000000008ac00000, 0x000000008ac00000, 0x000000008ad00000|  0%| F|  |TAMS 0x000000008ac00000| PB 0x000000008ac00000| Untracked |  0
| 173|0x000000008ad00000, 0x000000008ae00000, 0x000000008ae00000|100%| S|CS|TAMS 0x000000008ad00000| PB 0x000000008ad00000| Complete |  0
| 174|0x000000008ae00000, 0x000000008af00000, 0x000000008af00000|100%| S|CS|TAMS 0x000000008ae00000| PB 0x000000008ae00000| Complete |  0
| 175|0x000000008af00000, 0x000000008b000000, 0x000000008b000000|100%| S|CS|TAMS 0x000000008af00000| PB 0x000000008af00000| Complete |  1
| 176|0x000000008b000000, 0x000000008b100000, 0x000000008b100000|100%| S|CS|TAMS 0x000000008b000000| PB 0x000000008b000000| Complete |  0
| 177|0x000000008b100000, 0x000000008b200000, 0x000000008b200000|100%| S|CS|TAMS 0x000000008b100000| PB 0x000000008b100000| Complete |  0
| 178|0x000000008b200000, 0x000000008b300000, 0x000000008b300000|100%| S|CS|TAMS 0x000000008b200000| PB 0x000000008b200000| Complete |  0
| 179|0x000000008b300000, 0x000000008b400000, 0x000000008b400000|100%| S|CS|TAMS 0x000000008b300000| PB 0x000000008b300000| Complete |  0
| 180|0x000000008b400000, 0x000000008b500000, 0x000000008b500000|100%| S|CS|TAMS 0x000000008b400000| PB 0x000000008b400000| Complete |  0
| 181|0x000000008b500000, 0x000000008b600000, 0x000000008b600000|100%| S|CS|TAMS 0x000000008b500000| PB 0x000000008b500000| Complete |  0
| 182|0x000000008b600000, 0x000000008b700000, 0x000000008b700000|100%| S|CS|TAMS 0x000000008b600000| PB 0x000000008b600000| Complete |  0
| 183|0x000000008b700000, 0x000000008b800000, 0x000000008b800000|100%| S|CS|TAMS 0x000000008b700000| PB 0x000000008b700000| Complete |  0
| 184|0x000000008b800000, 0x000000008b900000, 0x000000008b900000|100%| S|CS|TAMS 0x000000008b800000| PB 0x000000008b800000| Complete |  0
| 185|0x000000008b900000, 0x000000008ba00000, 0x000000008ba00000|100%| S|CS|TAMS 0x000000008b900000| PB 0x000000008b900000| Complete |  0
| 186|0x000000008ba00000, 0x000000008bb00000, 0x000000008bb00000|100%| S|CS|TAMS 0x000000008ba00000| PB 0x000000008ba00000| Complete |  0
| 187|0x000000008bb00000, 0x000000008bc00000, 0x000000008bc00000|100%| S|CS|TAMS 0x000000008bb00000| PB 0x000000008bb00000| Complete |  0
| 188|0x000000008bc00000, 0x000000008bd00000, 0x000000008bd00000|100%| S|CS|TAMS 0x000000008bc00000| PB 0x000000008bc00000| Complete |  0
| 189|0x000000008bd00000, 0x000000008be00000, 0x000000008be00000|100%| S|CS|TAMS 0x000000008bd00000| PB 0x000000008bd00000| Complete |  0
| 190|0x000000008be00000, 0x000000008bf00000, 0x000000008bf00000|100%| S|CS|TAMS 0x000000008be00000| PB 0x000000008be00000| Complete |  0
| 191|0x000000008bf00000, 0x000000008bf00000, 0x000000008c000000|  0%| F|  |TAMS 0x000000008bf00000| PB 0x000000008bf00000| Untracked |  0
| 192|0x000000008c000000, 0x000000008c000000, 0x000000008c100000|  0%| F|  |TAMS 0x000000008c000000| PB 0x000000008c000000| Untracked |  0
| 193|0x000000008c100000, 0x000000008c100000, 0x000000008c200000|  0%| F|  |TAMS 0x000000008c100000| PB 0x000000008c100000| Untracked |  0
| 194|0x000000008c200000, 0x000000008c200000, 0x000000008c300000|  0%| F|  |TAMS 0x000000008c200000| PB 0x000000008c200000| Untracked |  0
| 195|0x000000008c300000, 0x000000008c300000, 0x000000008c400000|  0%| F|  |TAMS 0x000000008c300000| PB 0x000000008c300000| Untracked |  0
| 196|0x000000008c400000, 0x000000008c400000, 0x000000008c500000|  0%| F|  |TAMS 0x000000008c400000| PB 0x000000008c400000| Untracked |  0
| 197|0x000000008c500000, 0x000000008c500000, 0x000000008c600000|  0%| F|  |TAMS 0x000000008c500000| PB 0x000000008c500000| Untracked |  0
| 198|0x000000008c600000, 0x000000008c600000, 0x000000008c700000|  0%| F|  |TAMS 0x000000008c600000| PB 0x000000008c600000| Untracked |  0
| 199|0x000000008c700000, 0x000000008c700000, 0x000000008c800000|  0%| F|  |TAMS 0x000000008c700000| PB 0x000000008c700000| Untracked |  0
| 200|0x000000008c800000, 0x000000008c800000, 0x000000008c900000|  0%| F|  |TAMS 0x000000008c800000| PB 0x000000008c800000| Untracked |  0
| 201|0x000000008c900000, 0x000000008c900000, 0x000000008ca00000|  0%| F|  |TAMS 0x000000008c900000| PB 0x000000008c900000| Untracked |  0
| 202|0x000000008ca00000, 0x000000008ca00000, 0x000000008cb00000|  0%| F|  |TAMS 0x000000008ca00000| PB 0x000000008ca00000| Untracked |  0
| 203|0x000000008cb00000, 0x000000008cb00000, 0x000000008cc00000|  0%| F|  |TAMS 0x000000008cb00000| PB 0x000000008cb00000| Untracked |  0
| 204|0x000000008cc00000, 0x000000008cc00000, 0x000000008cd00000|  0%| F|  |TAMS 0x000000008cc00000| PB 0x000000008cc00000| Untracked |  0
| 205|0x000000008cd00000, 0x000000008cd00000, 0x000000008ce00000|  0%| F|  |TAMS 0x000000008cd00000| PB 0x000000008cd00000| Untracked |  0
| 206|0x000000008ce00000, 0x000000008ce00000, 0x000000008cf00000|  0%| F|  |TAMS 0x000000008ce00000| PB 0x000000008ce00000| Untracked |  0
| 207|0x000000008cf00000, 0x000000008cf00000, 0x000000008d000000|  0%| F|  |TAMS 0x000000008cf00000| PB 0x000000008cf00000| Untracked |  0
| 208|0x000000008d000000, 0x000000008d000000, 0x000000008d100000|  0%| F|  |TAMS 0x000000008d000000| PB 0x000000008d000000| Untracked |  0
| 209|0x000000008d100000, 0x000000008d100000, 0x000000008d200000|  0%| F|  |TAMS 0x000000008d100000| PB 0x000000008d100000| Untracked |  0
| 210|0x000000008d200000, 0x000000008d200000, 0x000000008d300000|  0%| F|  |TAMS 0x000000008d200000| PB 0x000000008d200000| Untracked |  0
| 211|0x000000008d300000, 0x000000008d300000, 0x000000008d400000|  0%| F|  |TAMS 0x000000008d300000| PB 0x000000008d300000| Untracked |  0
| 212|0x000000008d400000, 0x000000008d400000, 0x000000008d500000|  0%| F|  |TAMS 0x000000008d400000| PB 0x000000008d400000| Untracked |  0
| 213|0x000000008d500000, 0x000000008d500000, 0x000000008d600000|  0%| F|  |TAMS 0x000000008d500000| PB 0x000000008d500000| Untracked |  0
| 214|0x000000008d600000, 0x000000008d600000, 0x000000008d700000|  0%| F|  |TAMS 0x000000008d600000| PB 0x000000008d600000| Untracked |  0
| 215|0x000000008d700000, 0x000000008d700000, 0x000000008d800000|  0%| F|  |TAMS 0x000000008d700000| PB 0x000000008d700000| Untracked |  0
| 216|0x000000008d800000, 0x000000008d800000, 0x000000008d900000|  0%| F|  |TAMS 0x000000008d800000| PB 0x000000008d800000| Untracked |  0
| 217|0x000000008d900000, 0x000000008d900000, 0x000000008da00000|  0%| F|  |TAMS 0x000000008d900000| PB 0x000000008d900000| Untracked |  0
| 218|0x000000008da00000, 0x000000008da00000, 0x000000008db00000|  0%| F|  |TAMS 0x000000008da00000| PB 0x000000008da00000| Untracked |  0
| 219|0x000000008db00000, 0x000000008db00000, 0x000000008dc00000|  0%| F|  |TAMS 0x000000008db00000| PB 0x000000008db00000| Untracked |  0
| 220|0x000000008dc00000, 0x000000008dc00000, 0x000000008dd00000|  0%| F|  |TAMS 0x000000008dc00000| PB 0x000000008dc00000| Untracked |  0
| 221|0x000000008dd00000, 0x000000008dd00000, 0x000000008de00000|  0%| F|  |TAMS 0x000000008dd00000| PB 0x000000008dd00000| Untracked |  0
| 222|0x000000008de00000, 0x000000008de00000, 0x000000008df00000|  0%| F|  |TAMS 0x000000008de00000| PB 0x000000008de00000| Untracked |  0
| 223|0x000000008df00000, 0x000000008df00000, 0x000000008e000000|  0%| F|  |TAMS 0x000000008df00000| PB 0x000000008df00000| Untracked |  0
| 224|0x000000008e000000, 0x000000008e000000, 0x000000008e100000|  0%| F|  |TAMS 0x000000008e000000| PB 0x000000008e000000| Untracked |  0
| 225|0x000000008e100000, 0x000000008e100000, 0x000000008e200000|  0%| F|  |TAMS 0x000000008e100000| PB 0x000000008e100000| Untracked |  0
| 226|0x000000008e200000, 0x000000008e200000, 0x000000008e300000|  0%| F|  |TAMS 0x000000008e200000| PB 0x000000008e200000| Untracked |  0
| 227|0x000000008e300000, 0x000000008e300000, 0x000000008e400000|  0%| F|  |TAMS 0x000000008e300000| PB 0x000000008e300000| Untracked |  0
| 228|0x000000008e400000, 0x000000008e400000, 0x000000008e500000|  0%| F|  |TAMS 0x000000008e400000| PB 0x000000008e400000| Untracked |  0
| 229|0x000000008e500000, 0x000000008e500000, 0x000000008e600000|  0%| F|  |TAMS 0x000000008e500000| PB 0x000000008e500000| Untracked |  0
| 230|0x000000008e600000, 0x000000008e600000, 0x000000008e700000|  0%| F|  |TAMS 0x000000008e600000| PB 0x000000008e600000| Untracked |  0
| 231|0x000000008e700000, 0x000000008e700000, 0x000000008e800000|  0%| F|  |TAMS 0x000000008e700000| PB 0x000000008e700000| Untracked |  0
| 232|0x000000008e800000, 0x000000008e800000, 0x000000008e900000|  0%| F|  |TAMS 0x000000008e800000| PB 0x000000008e800000| Untracked |  0
| 233|0x000000008e900000, 0x000000008e900000, 0x000000008ea00000|  0%| F|  |TAMS 0x000000008e900000| PB 0x000000008e900000| Untracked |  0
| 234|0x000000008ea00000, 0x000000008ea00000, 0x000000008eb00000|  0%| F|  |TAMS 0x000000008ea00000| PB 0x000000008ea00000| Untracked |  0
| 235|0x000000008eb00000, 0x000000008eb00000, 0x000000008ec00000|  0%| F|  |TAMS 0x000000008eb00000| PB 0x000000008eb00000| Untracked |  0
| 236|0x000000008ec00000, 0x000000008ec00000, 0x000000008ed00000|  0%| F|  |TAMS 0x000000008ec00000| PB 0x000000008ec00000| Untracked |  0
| 237|0x000000008ed00000, 0x000000008ed00000, 0x000000008ee00000|  0%| F|  |TAMS 0x000000008ed00000| PB 0x000000008ed00000| Untracked |  0
| 238|0x000000008ee00000, 0x000000008ee00000, 0x000000008ef00000|  0%| F|  |TAMS 0x000000008ee00000| PB 0x000000008ee00000| Untracked |  0
| 239|0x000000008ef00000, 0x000000008ef00000, 0x000000008f000000|  0%| F|  |TAMS 0x000000008ef00000| PB 0x000000008ef00000| Untracked |  0
| 240|0x000000008f000000, 0x000000008f000000, 0x000000008f100000|  0%| F|  |TAMS 0x000000008f000000| PB 0x000000008f000000| Untracked |  0
| 241|0x000000008f100000, 0x000000008f100000, 0x000000008f200000|  0%| F|  |TAMS 0x000000008f100000| PB 0x000000008f100000| Untracked |  0
| 242|0x000000008f200000, 0x000000008f200000, 0x000000008f300000|  0%| F|  |TAMS 0x000000008f200000| PB 0x000000008f200000| Untracked |  0
| 243|0x000000008f300000, 0x000000008f300000, 0x000000008f400000|  0%| F|  |TAMS 0x000000008f300000| PB 0x000000008f300000| Untracked |  0
| 244|0x000000008f400000, 0x000000008f400000, 0x000000008f500000|  0%| F|  |TAMS 0x000000008f400000| PB 0x000000008f400000| Untracked |  0
| 245|0x000000008f500000, 0x000000008f500000, 0x000000008f600000|  0%| F|  |TAMS 0x000000008f500000| PB 0x000000008f500000| Untracked |  0
| 246|0x000000008f600000, 0x000000008f600000, 0x000000008f700000|  0%| F|  |TAMS 0x000000008f600000| PB 0x000000008f600000| Untracked |  0
| 247|0x000000008f700000, 0x000000008f700000, 0x000000008f800000|  0%| F|  |TAMS 0x000000008f700000| PB 0x000000008f700000| Untracked |  0
| 248|0x000000008f800000, 0x000000008f800000, 0x000000008f900000|  0%| F|  |TAMS 0x000000008f800000| PB 0x000000008f800000| Untracked |  0
| 249|0x000000008f900000, 0x000000008f900000, 0x000000008fa00000|  0%| F|  |TAMS 0x000000008f900000| PB 0x000000008f900000| Untracked |  0
| 250|0x000000008fa00000, 0x000000008fa00000, 0x000000008fb00000|  0%| F|  |TAMS 0x000000008fa00000| PB 0x000000008fa00000| Untracked |  0
| 251|0x000000008fb00000, 0x000000008fb00000, 0x000000008fc00000|  0%| F|  |TAMS 0x000000008fb00000| PB 0x000000008fb00000| Untracked |  0
| 252|0x000000008fc00000, 0x000000008fc00000, 0x000000008fd00000|  0%| F|  |TAMS 0x000000008fc00000| PB 0x000000008fc00000| Untracked |  0
| 253|0x000000008fd00000, 0x000000008fd00000, 0x000000008fe00000|  0%| F|  |TAMS 0x000000008fd00000| PB 0x000000008fd00000| Untracked |  0
| 254|0x000000008fe00000, 0x000000008fe00000, 0x000000008ff00000|  0%| F|  |TAMS 0x000000008fe00000| PB 0x000000008fe00000| Untracked |  0
| 255|0x000000008ff00000, 0x000000008ff00000, 0x0000000090000000|  0%| F|  |TAMS 0x000000008ff00000| PB 0x000000008ff00000| Untracked |  0
| 256|0x0000000090000000, 0x0000000090000000, 0x0000000090100000|  0%| F|  |TAMS 0x0000000090000000| PB 0x0000000090000000| Untracked |  0
| 257|0x0000000090100000, 0x0000000090100000, 0x0000000090200000|  0%| F|  |TAMS 0x0000000090100000| PB 0x0000000090100000| Untracked |  0
| 258|0x0000000090200000, 0x0000000090200000, 0x0000000090300000|  0%| F|  |TAMS 0x0000000090200000| PB 0x0000000090200000| Untracked |  0
| 259|0x0000000090300000, 0x0000000090300000, 0x0000000090400000|  0%| F|  |TAMS 0x0000000090300000| PB 0x0000000090300000| Untracked |  0
| 260|0x0000000090400000, 0x0000000090462930, 0x0000000090500000| 38%| E|  |TAMS 0x0000000090400000| PB 0x0000000090400000| Complete |  0
| 261|0x0000000090500000, 0x0000000090600000, 0x0000000090600000|100%| E|  |TAMS 0x0000000090500000| PB 0x0000000090500000| Complete |  1
| 262|0x0000000090600000, 0x0000000090700000, 0x0000000090700000|100%| E|CS|TAMS 0x0000000090600000| PB 0x0000000090600000| Complete |  0
| 263|0x0000000090700000, 0x0000000090800000, 0x0000000090800000|100%| E|CS|TAMS 0x0000000090700000| PB 0x0000000090700000| Complete |  0
| 264|0x0000000090800000, 0x0000000090900000, 0x0000000090900000|100%| E|CS|TAMS 0x0000000090800000| PB 0x0000000090800000| Complete |  0
| 265|0x0000000090900000, 0x0000000090a00000, 0x0000000090a00000|100%| E|CS|TAMS 0x0000000090900000| PB 0x0000000090900000| Complete |  0
| 266|0x0000000090a00000, 0x0000000090b00000, 0x0000000090b00000|100%| E|CS|TAMS 0x0000000090a00000| PB 0x0000000090a00000| Complete |  0
| 267|0x0000000090b00000, 0x0000000090c00000, 0x0000000090c00000|100%| E|CS|TAMS 0x0000000090b00000| PB 0x0000000090b00000| Complete |  0
| 268|0x0000000090c00000, 0x0000000090d00000, 0x0000000090d00000|100%| E|CS|TAMS 0x0000000090c00000| PB 0x0000000090c00000| Complete |  0
| 269|0x0000000090d00000, 0x0000000090e00000, 0x0000000090e00000|100%| E|CS|TAMS 0x0000000090d00000| PB 0x0000000090d00000| Complete |  0
| 270|0x0000000090e00000, 0x0000000090f00000, 0x0000000090f00000|100%| E|CS|TAMS 0x0000000090e00000| PB 0x0000000090e00000| Complete |  1
| 271|0x0000000090f00000, 0x0000000091000000, 0x0000000091000000|100%| E|CS|TAMS 0x0000000090f00000| PB 0x0000000090f00000| Complete |  1
| 272|0x0000000091000000, 0x0000000091100000, 0x0000000091100000|100%| E|CS|TAMS 0x0000000091000000| PB 0x0000000091000000| Complete |  0
| 273|0x0000000091100000, 0x0000000091200000, 0x0000000091200000|100%| E|CS|TAMS 0x0000000091100000| PB 0x0000000091100000| Complete |  0
| 274|0x0000000091200000, 0x0000000091300000, 0x0000000091300000|100%| E|CS|TAMS 0x0000000091200000| PB 0x0000000091200000| Complete |  1
| 275|0x0000000091300000, 0x0000000091400000, 0x0000000091400000|100%| E|CS|TAMS 0x0000000091300000| PB 0x0000000091300000| Complete |  0
| 276|0x0000000091400000, 0x0000000091500000, 0x0000000091500000|100%| E|CS|TAMS 0x0000000091400000| PB 0x0000000091400000| Complete |  0
| 277|0x0000000091500000, 0x0000000091600000, 0x0000000091600000|100%| E|CS|TAMS 0x0000000091500000| PB 0x0000000091500000| Complete |  0
| 278|0x0000000091600000, 0x0000000091700000, 0x0000000091700000|100%| E|CS|TAMS 0x0000000091600000| PB 0x0000000091600000| Complete |  0
| 279|0x0000000091700000, 0x0000000091800000, 0x0000000091800000|100%| E|CS|TAMS 0x0000000091700000| PB 0x0000000091700000| Complete |  0
| 280|0x0000000091800000, 0x0000000091900000, 0x0000000091900000|100%| E|CS|TAMS 0x0000000091800000| PB 0x0000000091800000| Complete |  0
| 281|0x0000000091900000, 0x0000000091a00000, 0x0000000091a00000|100%| E|CS|TAMS 0x0000000091900000| PB 0x0000000091900000| Complete |  0
| 282|0x0000000091a00000, 0x0000000091b00000, 0x0000000091b00000|100%| E|CS|TAMS 0x0000000091a00000| PB 0x0000000091a00000| Complete |  0
| 283|0x0000000091b00000, 0x0000000091c00000, 0x0000000091c00000|100%| E|CS|TAMS 0x0000000091b00000| PB 0x0000000091b00000| Complete |  0
| 284|0x0000000091c00000, 0x0000000091d00000, 0x0000000091d00000|100%| E|CS|TAMS 0x0000000091c00000| PB 0x0000000091c00000| Complete |  0
| 285|0x0000000091d00000, 0x0000000091e00000, 0x0000000091e00000|100%| E|CS|TAMS 0x0000000091d00000| PB 0x0000000091d00000| Complete |  0
| 286|0x0000000091e00000, 0x0000000091f00000, 0x0000000091f00000|100%| E|CS|TAMS 0x0000000091e00000| PB 0x0000000091e00000| Complete |  0
| 287|0x0000000091f00000, 0x0000000092000000, 0x0000000092000000|100%| E|CS|TAMS 0x0000000091f00000| PB 0x0000000091f00000| Complete |  0
| 288|0x0000000092000000, 0x0000000092100000, 0x0000000092100000|100%| E|CS|TAMS 0x0000000092000000| PB 0x0000000092000000| Complete |  0
| 289|0x0000000092100000, 0x0000000092200000, 0x0000000092200000|100%| E|CS|TAMS 0x0000000092100000| PB 0x0000000092100000| Complete |  0
| 290|0x0000000092200000, 0x0000000092300000, 0x0000000092300000|100%| E|CS|TAMS 0x0000000092200000| PB 0x0000000092200000| Complete |  0
| 291|0x0000000092300000, 0x0000000092400000, 0x0000000092400000|100%| E|CS|TAMS 0x0000000092300000| PB 0x0000000092300000| Complete |  0
| 292|0x0000000092400000, 0x0000000092500000, 0x0000000092500000|100%| E|CS|TAMS 0x0000000092400000| PB 0x0000000092400000| Complete |  0
| 293|0x0000000092500000, 0x0000000092600000, 0x0000000092600000|100%| E|CS|TAMS 0x0000000092500000| PB 0x0000000092500000| Complete |  0
| 294|0x0000000092600000, 0x0000000092700000, 0x0000000092700000|100%| E|CS|TAMS 0x0000000092600000| PB 0x0000000092600000| Complete |  0
| 295|0x0000000092700000, 0x0000000092800000, 0x0000000092800000|100%| E|CS|TAMS 0x0000000092700000| PB 0x0000000092700000| Complete |  0
| 296|0x0000000092800000, 0x0000000092900000, 0x0000000092900000|100%| E|CS|TAMS 0x0000000092800000| PB 0x0000000092800000| Complete |  0
| 297|0x0000000092900000, 0x0000000092a00000, 0x0000000092a00000|100%| E|CS|TAMS 0x0000000092900000| PB 0x0000000092900000| Complete |  0
| 298|0x0000000092a00000, 0x0000000092b00000, 0x0000000092b00000|100%| E|CS|TAMS 0x0000000092a00000| PB 0x0000000092a00000| Complete |  0
| 299|0x0000000092b00000, 0x0000000092c00000, 0x0000000092c00000|100%| E|CS|TAMS 0x0000000092b00000| PB 0x0000000092b00000| Complete |  0
| 300|0x0000000092c00000, 0x0000000092d00000, 0x0000000092d00000|100%| E|CS|TAMS 0x0000000092c00000| PB 0x0000000092c00000| Complete |  0
| 301|0x0000000092d00000, 0x0000000092e00000, 0x0000000092e00000|100%| E|CS|TAMS 0x0000000092d00000| PB 0x0000000092d00000| Complete |  0
| 302|0x0000000092e00000, 0x0000000092f00000, 0x0000000092f00000|100%| E|CS|TAMS 0x0000000092e00000| PB 0x0000000092e00000| Complete |  0
| 303|0x0000000092f00000, 0x0000000093000000, 0x0000000093000000|100%| E|CS|TAMS 0x0000000092f00000| PB 0x0000000092f00000| Complete |  0
| 304|0x0000000093000000, 0x0000000093100000, 0x0000000093100000|100%| E|CS|TAMS 0x0000000093000000| PB 0x0000000093000000| Complete |  1
| 305|0x0000000093100000, 0x0000000093200000, 0x0000000093200000|100%| E|CS|TAMS 0x0000000093100000| PB 0x0000000093100000| Complete |  0
| 306|0x0000000093200000, 0x0000000093300000, 0x0000000093300000|100%| E|CS|TAMS 0x0000000093200000| PB 0x0000000093200000| Complete |  0
| 307|0x0000000093300000, 0x0000000093400000, 0x0000000093400000|100%| E|CS|TAMS 0x0000000093300000| PB 0x0000000093300000| Complete |  0
| 308|0x0000000093400000, 0x0000000093500000, 0x0000000093500000|100%| E|CS|TAMS 0x0000000093400000| PB 0x0000000093400000| Complete |  0
| 309|0x0000000093500000, 0x0000000093600000, 0x0000000093600000|100%| E|CS|TAMS 0x0000000093500000| PB 0x0000000093500000| Complete |  0
| 310|0x0000000093600000, 0x0000000093700000, 0x0000000093700000|100%| E|CS|TAMS 0x0000000093600000| PB 0x0000000093600000| Complete |  0
| 311|0x0000000093700000, 0x0000000093800000, 0x0000000093800000|100%| E|CS|TAMS 0x0000000093700000| PB 0x0000000093700000| Complete |  0
| 312|0x0000000093800000, 0x0000000093900000, 0x0000000093900000|100%| E|CS|TAMS 0x0000000093800000| PB 0x0000000093800000| Complete |  0
| 313|0x0000000093900000, 0x0000000093a00000, 0x0000000093a00000|100%| E|CS|TAMS 0x0000000093900000| PB 0x0000000093900000| Complete |  0
| 314|0x0000000093a00000, 0x0000000093b00000, 0x0000000093b00000|100%| E|CS|TAMS 0x0000000093a00000| PB 0x0000000093a00000| Complete |  0
| 315|0x0000000093b00000, 0x0000000093c00000, 0x0000000093c00000|100%| E|CS|TAMS 0x0000000093b00000| PB 0x0000000093b00000| Complete |  0
| 316|0x0000000093c00000, 0x0000000093d00000, 0x0000000093d00000|100%| E|CS|TAMS 0x0000000093c00000| PB 0x0000000093c00000| Complete |  0
| 317|0x0000000093d00000, 0x0000000093e00000, 0x0000000093e00000|100%| E|CS|TAMS 0x0000000093d00000| PB 0x0000000093d00000| Complete |  0
| 318|0x0000000093e00000, 0x0000000093f00000, 0x0000000093f00000|100%| E|CS|TAMS 0x0000000093e00000| PB 0x0000000093e00000| Complete |  0
| 319|0x0000000093f00000, 0x0000000094000000, 0x0000000094000000|100%| E|CS|TAMS 0x0000000093f00000| PB 0x0000000093f00000| Complete |  0
| 320|0x0000000094000000, 0x0000000094100000, 0x0000000094100000|100%| E|CS|TAMS 0x0000000094000000| PB 0x0000000094000000| Complete |  0
| 321|0x0000000094100000, 0x0000000094200000, 0x0000000094200000|100%| E|CS|TAMS 0x0000000094100000| PB 0x0000000094100000| Complete |  0
| 322|0x0000000094200000, 0x0000000094300000, 0x0000000094300000|100%| E|CS|TAMS 0x0000000094200000| PB 0x0000000094200000| Complete |  0
| 323|0x0000000094300000, 0x0000000094400000, 0x0000000094400000|100%| E|CS|TAMS 0x0000000094300000| PB 0x0000000094300000| Complete |  0
| 324|0x0000000094400000, 0x0000000094500000, 0x0000000094500000|100%| E|CS|TAMS 0x0000000094400000| PB 0x0000000094400000| Complete |  0
| 325|0x0000000094500000, 0x0000000094600000, 0x0000000094600000|100%| E|CS|TAMS 0x0000000094500000| PB 0x0000000094500000| Complete |  0
| 326|0x0000000094600000, 0x0000000094700000, 0x0000000094700000|100%| E|CS|TAMS 0x0000000094600000| PB 0x0000000094600000| Complete |  0
| 327|0x0000000094700000, 0x0000000094800000, 0x0000000094800000|100%| E|CS|TAMS 0x0000000094700000| PB 0x0000000094700000| Complete |  0
| 328|0x0000000094800000, 0x0000000094900000, 0x0000000094900000|100%| E|CS|TAMS 0x0000000094800000| PB 0x0000000094800000| Complete |  0
| 329|0x0000000094900000, 0x0000000094a00000, 0x0000000094a00000|100%| E|CS|TAMS 0x0000000094900000| PB 0x0000000094900000| Complete |  0
|2037|0x00000000ff500000, 0x00000000ff600000, 0x00000000ff600000|100%| O|  |TAMS 0x00000000ff500000| PB 0x00000000ff500000| Untracked |  0
|2038|0x00000000ff600000, 0x00000000ff700000, 0x00000000ff700000|100%| O|  |TAMS 0x00000000ff600000| PB 0x00000000ff600000| Untracked |  0
|2039|0x00000000ff700000, 0x00000000ff800000, 0x00000000ff800000|100%| O|  |TAMS 0x00000000ff700000| PB 0x00000000ff700000| Untracked |  0
|2040|0x00000000ff800000, 0x00000000ff900000, 0x00000000ff900000|100%| O|  |TAMS 0x00000000ff800000| PB 0x00000000ff800000| Untracked |  0
|2041|0x00000000ff900000, 0x00000000ffa00000, 0x00000000ffa00000|100%| O|  |TAMS 0x00000000ff900000| PB 0x00000000ff900000| Untracked |  0
|2042|0x00000000ffa00000, 0x00000000ffb00000, 0x00000000ffb00000|100%| O|  |TAMS 0x00000000ffa00000| PB 0x00000000ffa00000| Untracked |  0
|2043|0x00000000ffb00000, 0x00000000ffc00000, 0x00000000ffc00000|100%| O|  |TAMS 0x00000000ffb00000| PB 0x00000000ffb00000| Untracked |  0
|2044|0x00000000ffc00000, 0x00000000ffd00000, 0x00000000ffd00000|100%| O|  |TAMS 0x00000000ffc00000| PB 0x00000000ffc00000| Untracked |  0
|2045|0x00000000ffd00000, 0x00000000ffe00000, 0x00000000ffe00000|100%| O|  |TAMS 0x00000000ffd00000| PB 0x00000000ffd00000| Untracked |  0
|2046|0x00000000ffe00000, 0x00000000fff00000, 0x00000000fff00000|100%| O|  |TAMS 0x00000000ffe00000| PB 0x00000000ffe00000| Untracked |  0
|2047|0x00000000fff00000, 0x0000000100000000, 0x0000000100000000|100%| O|  |TAMS 0x00000000fff00000| PB 0x00000000fff00000| Untracked |  0

Card table byte_map: [0x0000028532fa0000,0x00000285333a0000] _byte_map_base: 0x0000028532ba0000

Marking Bits: (CMBitMap*) 0x00000285200a91b0
 Bits: [0x00000285333a0000, 0x00000285353a0000)

Polling page: 0x000002851dec0000

Metaspace:
Metaspace        used 81829K, committed 83520K, reserved 1179648K
 class space     used 11725K, committed 12544K, reserved 1048576K

Usage:
  Non-class:     68.46 MB used.
      Class:     11.45 MB used.
       Both:     79.91 MB used.

Virtual space:
  Non-class space:      128.00 MB reserved,      69.31 MB ( 54%) committed,  2 nodes.
      Class space:        1.00 GB reserved,      12.25 MB (  1%) committed,  1 nodes.
             Both:        1.12 GB reserved,      81.56 MB (  7%) committed. 

Chunk freelists:
   Non-Class:  10.47 MB
       Class:  3.59 MB
        Both:  14.06 MB

MaxMetaspaceSize: unlimited
CompressedClassSpaceSize: 1.00 GB
Initial GC threshold: 21.00 MB
Current GC threshold: 132.44 MB
CDS: off
 - commit_granule_bytes: 65536.
 - commit_granule_words: 8192.
 - virtual_space_node_default_size: 8388608.
 - enlarge_chunks_in_place: 1.
UseCompressedClassPointers 1, UseCompactObjectHeaders 0
Narrow klass pointer bits 32, Max shift 3
Narrow klass base: 0x0000000000000000, Narrow klass shift: 0
Encoding Range: [0x0000000000000000 - 0x0000000100000000), (4294967296 bytes)
Klass Range:    [0x0000000027000000 - 0x0000000067000000), (1073741824 bytes)
Klass ID Range:  [654311424 - 1728053241) (1073741817)
No protection zone.


Internal statistics:

num_allocs_failed_limit: 6.
num_arena_births: 3314.
num_arena_deaths: 14.
num_vsnodes_births: 3.
num_vsnodes_deaths: 0.
num_space_committed: 1304.
num_space_uncommitted: 0.
num_chunks_returned_to_freelist: 22.
num_chunks_taken_from_freelist: 6641.
num_chunk_merges: 4.
num_chunk_splits: 4307.
num_chunks_enlarged: 2663.
num_inconsistent_stats: 0.

CodeHeap 'non-profiled nmethods': size=120064Kb used=3153Kb max_used=3159Kb free=116910Kb
 bounds [0x000002852b000000, 0x000002852b320000, 0x0000028532540000]
CodeHeap 'profiled nmethods': size=120000Kb used=12409Kb max_used=12409Kb free=107590Kb
 bounds [0x0000028523540000, 0x0000028524160000, 0x000002852aa70000]
CodeHeap 'non-nmethods': size=5696Kb used=1924Kb max_used=2065Kb free=3771Kb
 bounds [0x000002852aa70000, 0x000002852ace0000, 0x000002852b000000]
CodeCache: size=245760Kb, used=17486Kb, max_used=17633Kb, free=228271Kb
 total_blobs=9693, nmethods=8896, adapters=700, full_count=0
Compilation: enabled, stopped_count=0, restarted_count=0

Compilation events (20 events):
Event: 18.093 Thread 0x0000028538096c60 nmethod 10727 0x000002852392c508 code [0x000002852392c600, 0x000002852392c9e8]
Event: 18.145 Thread 0x0000028538096c60 10728   !   2       sun.nio.ch.FileChannelImpl::tryLock (253 bytes)
Event: 18.146 Thread 0x0000028538096c60 nmethod 10728 0x0000028523a8b888 code [0x0000028523a8b980, 0x0000028523a8c328]
Event: 18.146 Thread 0x0000028538096c60 10729       2       org.gradle.cache.internal.filelock.FileLockOutcome::acquired (9 bytes)
Event: 18.146 Thread 0x0000028538096c60 nmethod 10729 0x0000028523a8b508 code [0x0000028523a8b600, 0x0000028523a8b780]
Event: 18.146 Thread 0x0000028538096c60 10730       2       org.gradle.cache.internal.filelock.FileLockOutcome$3::<init> (10 bytes)
Event: 18.146 Thread 0x0000028538096c60 nmethod 10730 0x0000028523e9f808 code [0x0000028523e9f900, 0x0000028523e9fa50]
Event: 18.148 Thread 0x0000028538096c60 10732       2       com.google.common.collect.ImmutableMap$Builder::putAll (62 bytes)
Event: 18.149 Thread 0x0000028538096c60 nmethod 10732 0x0000028523708008 code [0x0000028523708100, 0x0000028523708478]
Event: 18.149 Thread 0x0000028538096c60 10733       2       com.google.common.collect.ImmutableMap$Builder::putAll (11 bytes)
Event: 18.149 Thread 0x0000028538096c60 nmethod 10733 0x0000028523d06208 code [0x0000028523d06300, 0x0000028523d06460]
Event: 18.150 Thread 0x0000028538096c60 10734       2       org.gradle.internal.logging.console.BuildLogLevelFilterRenderer::onOutput (53 bytes)
Event: 18.150 Thread 0x0000028538096c60 nmethod 10734 0x0000028523d05e08 code [0x0000028523d05f00, 0x0000028523d061d8]
Event: 18.150 Thread 0x0000028538096c60 10735       2       org.gradle.internal.logging.sink.ProgressLogEventGenerator::onOutput (72 bytes)
Event: 18.150 Thread 0x0000028538096c60 nmethod 10735 0x0000028523d05988 code [0x0000028523d05a80, 0x0000028523d05df0]
Event: 18.151 Thread 0x0000028538096c60 10736       1       java.io.ObjectStreamField::getOffset (5 bytes)
Event: 18.151 Thread 0x0000028538096c60 nmethod 10736 0x000002852b2a9288 code [0x000002852b2a9380, 0x000002852b2a9448]
Event: 18.151 Thread 0x0000028538096c60 10737       2       java.io.ObjectStreamField::<init> (231 bytes)
Event: 18.152 Thread 0x0000028538096c60 nmethod 10737 0x0000028523587008 code [0x0000028523587100, 0x00000285235876f0]
Event: 18.152 Thread 0x0000028538096c60 10738   !   2       java.io.ObjectInputStream::readNonProxyDesc (297 bytes)

GC Heap Usage History (20 events):
Event: 12.908 {heap Before GC invocations=28 (full 0):
 garbage-first heap   total reserved 2097152K, committed 129024K, used 112438K [0x0000000080000000, 0x0000000100000000)
  region size 1024K, 45 young (46080K), 5 survivors (5120K)
}
Event: 12.915 {heap After GC invocations=29 (full 0):
 garbage-first heap   total reserved 2097152K, committed 129024K, used 73556K [0x0000000080000000, 0x0000000100000000)
  region size 1024K, 4 young (4096K), 4 survivors (4096K)
}
Event: 13.560 {heap Before GC invocations=30 (full 0):
 garbage-first heap   total reserved 2097152K, committed 129024K, used 114516K [0x0000000080000000, 0x0000000100000000)
  region size 1024K, 45 young (46080K), 4 survivors (4096K)
}
Event: 13.565 {heap After GC invocations=31 (full 0):
 garbage-first heap   total reserved 2097152K, committed 129024K, used 75468K [0x0000000080000000, 0x0000000100000000)
  region size 1024K, 3 young (3072K), 3 survivors (3072K)
}
Event: 13.700 {heap Before GC invocations=31 (full 0):
 garbage-first heap   total reserved 2097152K, committed 129024K, used 115404K [0x0000000080000000, 0x0000000100000000)
  region size 1024K, 43 young (44032K), 3 survivors (3072K)
}
Event: 13.710 {heap After GC invocations=32 (full 0):
 garbage-first heap   total reserved 2097152K, committed 155648K, used 77000K [0x0000000080000000, 0x0000000100000000)
  region size 1024K, 5 young (5120K), 5 survivors (5120K)
}
Event: 14.325 {heap Before GC invocations=32 (full 0):
 garbage-first heap   total reserved 2097152K, committed 155648K, used 136392K [0x0000000080000000, 0x0000000100000000)
  region size 1024K, 64 young (65536K), 5 survivors (5120K)
}
Event: 14.334 {heap After GC invocations=33 (full 0):
 garbage-first heap   total reserved 2097152K, committed 155648K, used 83700K [0x0000000080000000, 0x0000000100000000)
  region size 1024K, 8 young (8192K), 8 survivors (8192K)
}
Event: 14.766 {heap Before GC invocations=33 (full 0):
 garbage-first heap   total reserved 2097152K, committed 155648K, used 138996K [0x0000000080000000, 0x0000000100000000)
  region size 1024K, 63 young (64512K), 8 survivors (8192K)
}
Event: 14.782 {heap After GC invocations=34 (full 0):
 garbage-first heap   total reserved 2097152K, committed 156672K, used 92564K [0x0000000080000000, 0x0000000100000000)
  region size 1024K, 8 young (8192K), 8 survivors (8192K)
}
Event: 14.989 {heap Before GC invocations=35 (full 0):
 garbage-first heap   total reserved 2097152K, committed 156672K, used 138644K [0x0000000080000000, 0x0000000100000000)
  region size 1024K, 54 young (55296K), 8 survivors (8192K)
}
Event: 15.014 {heap After GC invocations=36 (full 0):
 garbage-first heap   total reserved 2097152K, committed 158720K, used 101989K [0x0000000080000000, 0x0000000100000000)
  region size 1024K, 7 young (7168K), 7 survivors (7168K)
}
Event: 15.108 {heap Before GC invocations=36 (full 0):
 garbage-first heap   total reserved 2097152K, committed 158720K, used 140901K [0x0000000080000000, 0x0000000100000000)
  region size 1024K, 45 young (46080K), 7 survivors (7168K)
}
Event: 15.136 {heap After GC invocations=37 (full 0):
 garbage-first heap   total reserved 2097152K, committed 161792K, used 113217K [0x0000000080000000, 0x0000000100000000)
  region size 1024K, 6 young (6144K), 6 survivors (6144K)
}
Event: 15.173 {heap Before GC invocations=37 (full 0):
 garbage-first heap   total reserved 2097152K, committed 161792K, used 133697K [0x0000000080000000, 0x0000000100000000)
  region size 1024K, 27 young (27648K), 6 survivors (6144K)
}
Event: 15.198 {heap After GC invocations=38 (full 0):
 garbage-first heap   total reserved 2097152K, committed 349184K, used 120050K [0x0000000080000000, 0x0000000100000000)
  region size 1024K, 5 young (5120K), 5 survivors (5120K)
}
Event: 15.263 {heap Before GC invocations=38 (full 0):
 garbage-first heap   total reserved 2097152K, committed 349184K, used 133362K [0x0000000080000000, 0x0000000100000000)
  region size 1024K, 19 young (19456K), 5 survivors (5120K)
}
Event: 15.280 {heap After GC invocations=39 (full 0):
 garbage-first heap   total reserved 2097152K, committed 349184K, used 125369K [0x0000000080000000, 0x0000000100000000)
  region size 1024K, 10 young (10240K), 10 survivors (10240K)
}
Event: 16.785 {heap Before GC invocations=40 (full 0):
 garbage-first heap   total reserved 2097152K, committed 349184K, used 260537K [0x0000000080000000, 0x0000000100000000)
  region size 1024K, 139 young (142336K), 10 survivors (10240K)
}
Event: 16.825 {heap After GC invocations=41 (full 0):
 garbage-first heap   total reserved 2097152K, committed 349184K, used 145067K [0x0000000080000000, 0x0000000100000000)
  region size 1024K, 18 young (18432K), 18 survivors (18432K)
}

Metaspace Usage History (20 events):
Event: 12.908 {metaspace Before GC invocations=28 (full 0):
 Metaspace       used 75134K, committed 76864K, reserved 1114112K
  class space    used 10864K, committed 11712K, reserved 1048576K
}
Event: 12.915 {metaspace After GC invocations=29 (full 0):
 Metaspace       used 75134K, committed 76864K, reserved 1114112K
  class space    used 10864K, committed 11712K, reserved 1048576K
}
Event: 13.560 {metaspace Before GC invocations=30 (full 0):
 Metaspace       used 75927K, committed 77568K, reserved 1179648K
  class space    used 10974K, committed 11776K, reserved 1048576K
}
Event: 13.565 {metaspace After GC invocations=31 (full 0):
 Metaspace       used 75927K, committed 77568K, reserved 1179648K
  class space    used 10974K, committed 11776K, reserved 1048576K
}
Event: 13.700 {metaspace Before GC invocations=31 (full 0):
 Metaspace       used 76227K, committed 77952K, reserved 1179648K
  class space    used 11014K, committed 11840K, reserved 1048576K
}
Event: 13.710 {metaspace After GC invocations=32 (full 0):
 Metaspace       used 76227K, committed 77952K, reserved 1179648K
  class space    used 11014K, committed 11840K, reserved 1048576K
}
Event: 14.325 {metaspace Before GC invocations=32 (full 0):
 Metaspace       used 78008K, committed 79680K, reserved 1179648K
  class space    used 11264K, committed 12096K, reserved 1048576K
}
Event: 14.334 {metaspace After GC invocations=33 (full 0):
 Metaspace       used 78008K, committed 79680K, reserved 1179648K
  class space    used 11264K, committed 12096K, reserved 1048576K
}
Event: 14.766 {metaspace Before GC invocations=33 (full 0):
 Metaspace       used 79415K, committed 81024K, reserved 1179648K
  class space    used 11452K, committed 12224K, reserved 1048576K
}
Event: 14.782 {metaspace After GC invocations=34 (full 0):
 Metaspace       used 79415K, committed 81024K, reserved 1179648K
  class space    used 11452K, committed 12224K, reserved 1048576K
}
Event: 14.989 {metaspace Before GC invocations=35 (full 0):
 Metaspace       used 79540K, committed 81216K, reserved 1179648K
  class space    used 11464K, committed 12224K, reserved 1048576K
}
Event: 15.014 {metaspace After GC invocations=36 (full 0):
 Metaspace       used 79540K, committed 81216K, reserved 1179648K
  class space    used 11464K, committed 12224K, reserved 1048576K
}
Event: 15.108 {metaspace Before GC invocations=36 (full 0):
 Metaspace       used 79586K, committed 81280K, reserved 1179648K
  class space    used 11469K, committed 12224K, reserved 1048576K
}
Event: 15.136 {metaspace After GC invocations=37 (full 0):
 Metaspace       used 79586K, committed 81280K, reserved 1179648K
  class space    used 11469K, committed 12224K, reserved 1048576K
}
Event: 15.174 {metaspace Before GC invocations=37 (full 0):
 Metaspace       used 79586K, committed 81280K, reserved 1179648K
  class space    used 11469K, committed 12224K, reserved 1048576K
}
Event: 15.198 {metaspace After GC invocations=38 (full 0):
 Metaspace       used 79586K, committed 81280K, reserved 1179648K
  class space    used 11469K, committed 12224K, reserved 1048576K
}
Event: 15.263 {metaspace Before GC invocations=38 (full 0):
 Metaspace       used 79612K, committed 81344K, reserved 1179648K
  class space    used 11473K, committed 12288K, reserved 1048576K
}
Event: 15.280 {metaspace After GC invocations=39 (full 0):
 Metaspace       used 79612K, committed 81344K, reserved 1179648K
  class space    used 11473K, committed 12288K, reserved 1048576K
}
Event: 16.785 {metaspace Before GC invocations=40 (full 0):
 Metaspace       used 80283K, committed 81920K, reserved 1179648K
  class space    used 11529K, committed 12288K, reserved 1048576K
}
Event: 16.825 {metaspace After GC invocations=41 (full 0):
 Metaspace       used 80283K, committed 81920K, reserved 1179648K
  class space    used 11529K, committed 12288K, reserved 1048576K
}

Dll operation events (3 events):
Event: 0.023 Loaded shared library C:\Program Files\Android\Android Studio\jbr\bin\java.dll
Event: 0.031 Loaded shared library C:\Program Files\Android\Android Studio\jbr\bin\zip.dll
Event: 1.701 Loaded shared library C:\Program Files\Android\Android Studio\jbr\bin\verify.dll

Deoptimization events (20 events):
Event: 18.139 Thread 0x0000028540a72730 DEOPT PACKING pc=0x0000028523910d6d sp=0x000000a0fdafcb20
Event: 18.139 Thread 0x0000028540a72730 DEOPT UNPACKING pc=0x000002852aac1702 sp=0x000000a0fdafc020 mode 0
Event: 18.146 Thread 0x000002853fe19550 DEOPT PACKING pc=0x0000028523910d6d sp=0x000000a0fe2f8cc0
Event: 18.146 Thread 0x000002853fe19550 DEOPT UNPACKING pc=0x000002852aac1702 sp=0x000000a0fe2f81c0 mode 0
Event: 18.149 Thread 0x00000285386ab9e0 DEOPT PACKING pc=0x0000028523910d6d sp=0x000000a0ff2fb3a0
Event: 18.149 Thread 0x000002853fe101b0 DEOPT PACKING pc=0x0000028523910d6d sp=0x000000a0fedfafb0
Event: 18.149 Thread 0x000002853fe101b0 DEOPT UNPACKING pc=0x000002852aac1702 sp=0x000000a0fedfa4b0 mode 0
Event: 18.149 Thread 0x00000285386ab9e0 DEOPT UNPACKING pc=0x000002852aac1702 sp=0x000000a0ff2fa8a0 mode 0
Event: 18.152 Thread 0x00000285386af860 DEOPT PACKING pc=0x0000028523e48848 sp=0x000000a0ff4fcb20
Event: 18.152 Thread 0x00000285386af860 DEOPT UNPACKING pc=0x000002852aac1702 sp=0x000000a0ff4fbfd8 mode 0
Event: 18.154 Thread 0x000002853fe101b0 DEOPT PACKING pc=0x0000028523910d6d sp=0x000000a0fedfce20
Event: 18.154 Thread 0x000002853fe101b0 DEOPT UNPACKING pc=0x000002852aac1702 sp=0x000000a0fedfc320 mode 0
Event: 18.158 Thread 0x00000285386ab9e0 DEOPT PACKING pc=0x0000028523910d6d sp=0x000000a0ff2fd060
Event: 18.158 Thread 0x00000285386ab9e0 DEOPT UNPACKING pc=0x000002852aac1702 sp=0x000000a0ff2fc560 mode 0
Event: 18.163 Thread 0x000002853fe101b0 DEOPT PACKING pc=0x0000028523910d6d sp=0x000000a0fedfb380
Event: 18.163 Thread 0x000002853fe101b0 DEOPT UNPACKING pc=0x000002852aac1702 sp=0x000000a0fedfa880 mode 0
Event: 18.168 Thread 0x000002853f461ee0 DEOPT PACKING pc=0x0000028524136ff6 sp=0x000000a0fcefe420
Event: 18.168 Thread 0x000002853f461ee0 DEOPT UNPACKING pc=0x000002852aac1702 sp=0x000000a0fcefd8c0 mode 0
Event: 18.170 Thread 0x00000285386ab9e0 DEOPT PACKING pc=0x0000028523910d6d sp=0x000000a0ff2fd060
Event: 18.170 Thread 0x00000285386ab9e0 DEOPT UNPACKING pc=0x000002852aac1702 sp=0x000000a0ff2fc560 mode 0

Classes loaded (20 events):
Event: 15.646 Loading class java/util/WeakHashMap$HashIterator done
Event: 15.646 Loading class java/util/WeakHashMap$KeyIterator done
Event: 15.649 Loading class java/io/FileWriter
Event: 15.657 Loading class java/io/FileWriter done
Event: 15.666 Loading class java/util/Formatter$FormatSpecifierParser
Event: 15.667 Loading class java/util/Formatter$FormatSpecifierParser done
Event: 15.676 Loading class java/awt/image/RenderedImage
Event: 15.684 Loading class java/awt/image/RenderedImage done
Event: 15.703 Loading class java/util/Comparators$NaturalOrderComparator
Event: 15.708 Loading class java/util/Comparators$NaturalOrderComparator done
Event: 15.708 Loading class java/util/Comparators$NullComparator
Event: 15.709 Loading class java/util/Comparators$NullComparator done
Event: 18.015 Loading class java/util/concurrent/ConcurrentLinkedQueue$Itr
Event: 18.023 Loading class java/util/concurrent/ConcurrentLinkedQueue$Itr done
Event: 18.034 Loading class java/nio/file/FileChannelLinesSpliterator
Event: 18.058 Loading class java/nio/file/FileChannelLinesSpliterator done
Event: 18.059 Loading class java/util/stream/Streams$1
Event: 18.069 Loading class java/util/stream/Streams$1 done
Event: 18.142 Loading class java/util/IdentityHashMap$EntrySet
Event: 18.144 Loading class java/util/IdentityHashMap$EntrySet done

Classes unloaded (7 events):
Event: 10.683 Thread 0x000002853804db70 Unloading class 0x000000002788a800 'java/lang/invoke/LambdaForm$MH+0x000000002788a800'
Event: 10.683 Thread 0x000002853804db70 Unloading class 0x000000002788a000 'java/lang/invoke/LambdaForm$DMH+0x000000002788a000'
Event: 12.972 Thread 0x000002853804db70 Unloading class 0x0000000027ac8c00 'java/lang/invoke/LambdaForm$DMH+0x0000000027ac8c00'
Event: 12.972 Thread 0x000002853804db70 Unloading class 0x0000000027ac8800 'java/lang/invoke/LambdaForm$DMH+0x0000000027ac8800'
Event: 12.972 Thread 0x000002853804db70 Unloading class 0x0000000027aa8400 'java/lang/invoke/LambdaForm$DMH+0x0000000027aa8400'
Event: 12.972 Thread 0x000002853804db70 Unloading class 0x0000000027a74c00 'java/lang/invoke/LambdaForm$DMH+0x0000000027a74c00'
Event: 15.400 Thread 0x000002853804db70 Unloading class 0x0000000027bcc000 'java/lang/invoke/LambdaForm$DMH+0x0000000027bcc000'

Classes redefined (0 events):
No events

Internal exceptions (20 events):
Event: 18.162 Thread 0x000002853fe101b0 Exception <a 'sun/nio/fs/WindowsException'{0x0000000091dc4af0}> (0x0000000091dc4af0) 
thrown [s\src\hotspot\share\prims\jni.cpp, line 535]
Event: 18.162 Thread 0x000002853fe101b0 Exception <a 'sun/nio/fs/WindowsException'{0x0000000091dc5948}> (0x0000000091dc5948) 
thrown [s\src\hotspot\share\prims\jni.cpp, line 535]
Event: 18.163 Thread 0x00000285386ab9e0 Exception <a 'sun/nio/fs/WindowsException'{0x0000000091da8920}> (0x0000000091da8920) 
thrown [s\src\hotspot\share\prims\jni.cpp, line 535]
Event: 18.163 Thread 0x000002853fe101b0 Exception <a 'sun/nio/fs/WindowsException'{0x0000000091dcc048}> (0x0000000091dcc048) 
thrown [s\src\hotspot\share\prims\jni.cpp, line 535]
Event: 18.163 Thread 0x00000285386ab9e0 Exception <a 'sun/nio/fs/WindowsException'{0x0000000091da9280}> (0x0000000091da9280) 
thrown [s\src\hotspot\share\prims\jni.cpp, line 535]
Event: 18.163 Thread 0x00000285386ab9e0 Exception <a 'sun/nio/fs/WindowsException'{0x0000000091daaa28}> (0x0000000091daaa28) 
thrown [s\src\hotspot\share\prims\jni.cpp, line 535]
Event: 18.163 Thread 0x00000285386ab9e0 Exception <a 'sun/nio/fs/WindowsException'{0x0000000091dab590}> (0x0000000091dab590) 
thrown [s\src\hotspot\share\prims\jni.cpp, line 535]
Event: 18.164 Thread 0x00000285386ab9e0 Exception <a 'sun/nio/fs/WindowsException'{0x0000000091dd94c0}> (0x0000000091dd94c0) 
thrown [s\src\hotspot\share\prims\jni.cpp, line 535]
Event: 18.165 Thread 0x00000285386ab9e0 Exception <a 'sun/nio/fs/WindowsException'{0x0000000091dda318}> (0x0000000091dda318) 
thrown [s\src\hotspot\share\prims\jni.cpp, line 535]
Event: 18.165 Thread 0x000002853fe101b0 Exception <a 'sun/nio/fs/WindowsException'{0x0000000091c16480}> (0x0000000091c16480) 
thrown [s\src\hotspot\share\prims\jni.cpp, line 535]
Event: 18.168 Thread 0x00000285386ab9e0 Exception <a 'sun/nio/fs/WindowsException'{0x0000000091def5c0}> (0x0000000091def5c0) 
thrown [s\src\hotspot\share\prims\jni.cpp, line 535]
Event: 18.172 Thread 0x00000285386ab9e0 Exception <a 'sun/nio/fs/WindowsException'{0x0000000091c3dc78}> (0x0000000091c3dc78) 
thrown [s\src\hotspot\share\prims\jni.cpp, line 535]
Event: 18.173 Thread 0x00000285386ab9e0 Exception <a 'sun/nio/fs/WindowsException'{0x0000000091c42738}> (0x0000000091c42738) 
thrown [s\src\hotspot\share\prims\jni.cpp, line 535]
Event: 18.174 Thread 0x00000285386ab9e0 Exception <a 'sun/nio/fs/WindowsException'{0x0000000091c497d0}> (0x0000000091c497d0) 
thrown [s\src\hotspot\share\prims\jni.cpp, line 535]
Event: 18.176 Thread 0x00000285386ab9e0 Exception <a 'sun/nio/fs/WindowsException'{0x0000000091c56588}> (0x0000000091c56588) 
thrown [s\src\hotspot\share\prims\jni.cpp, line 535]
Event: 18.176 Thread 0x00000285386ab9e0 Exception <a 'sun/nio/fs/WindowsException'{0x0000000091c56ee8}> (0x0000000091c56ee8) 
thrown [s\src\hotspot\share\prims\jni.cpp, line 535]
Event: 18.176 Thread 0x00000285386ab9e0 Exception <a 'sun/nio/fs/WindowsException'{0x0000000091c58690}> (0x0000000091c58690) 
thrown [s\src\hotspot\share\prims\jni.cpp, line 535]
Event: 18.176 Thread 0x00000285386ab9e0 Exception <a 'sun/nio/fs/WindowsException'{0x0000000091c591f8}> (0x0000000091c591f8) 
thrown [s\src\hotspot\share\prims\jni.cpp, line 535]
Event: 18.177 Thread 0x00000285386ab9e0 Exception <a 'sun/nio/fs/WindowsException'{0x0000000091c5db68}> (0x0000000091c5db68) 
thrown [s\src\hotspot\share\prims\jni.cpp, line 535]
Event: 18.177 Thread 0x00000285386ab9e0 Exception <a 'sun/nio/fs/WindowsException'{0x0000000091c5e9c0}> (0x0000000091c5e9c0) 
thrown [s\src\hotspot\share\prims\jni.cpp, line 535]

VM Operations (20 events):
Event: 14.986 Executing safepoint VM operation: G1CollectForAllocation (G1 Evacuation Pause)
Event: 15.014 Executing safepoint VM operation: G1CollectForAllocation (G1 Evacuation Pause) done
Event: 15.107 Executing safepoint VM operation: G1CollectForAllocation (G1 Evacuation Pause)
Event: 15.136 Executing safepoint VM operation: G1CollectForAllocation (G1 Evacuation Pause) done
Event: 15.169 Executing safepoint VM operation: G1TryInitiateConcMark (G1 Humongous Allocation)
Event: 15.198 Executing safepoint VM operation: G1TryInitiateConcMark (G1 Humongous Allocation) done
Event: 15.263 Executing safepoint VM operation: G1TryInitiateConcMark (G1 Humongous Allocation)
Event: 15.280 Executing safepoint VM operation: G1TryInitiateConcMark (G1 Humongous Allocation) done
Event: 15.399 Executing safepoint VM operation: G1PauseRemark
Event: 15.413 Executing safepoint VM operation: G1PauseRemark done
Event: 15.453 Executing safepoint VM operation: G1PauseCleanup
Event: 15.456 Executing safepoint VM operation: G1PauseCleanup done
Event: 15.615 Executing non-safepoint VM operation: HandshakeAllThreads (Deoptimize)
Event: 15.616 Executing non-safepoint VM operation: HandshakeAllThreads (Deoptimize) done
Event: 15.659 Executing non-safepoint VM operation: HandshakeAllThreads (Deoptimize)
Event: 15.664 Executing non-safepoint VM operation: HandshakeAllThreads (Deoptimize) done
Event: 15.852 Executing safepoint VM operation: G1CollectForAllocation (G1 Evacuation Pause)
Event: 16.825 Executing safepoint VM operation: G1CollectForAllocation (G1 Evacuation Pause) done
Event: 17.927 Executing non-safepoint VM operation: HandshakeAllThreads (Deoptimize)
Event: 18.010 Executing non-safepoint VM operation: HandshakeAllThreads (Deoptimize) done

Memory protections (0 events):
No events

Nmethod flushes (20 events):
Event: 15.411 Thread 0x000002853804db70 flushing  nmethod 0x00000285235f0088
Event: 15.411 Thread 0x000002853804db70 flushing  nmethod 0x0000028523723308
Event: 15.411 Thread 0x000002853804db70 flushing  nmethod 0x0000028523775488
Event: 15.411 Thread 0x000002853804db70 flushing  nmethod 0x0000028523a76a88
Event: 15.411 Thread 0x000002853804db70 flushing  nmethod 0x0000028523af8088
Event: 15.411 Thread 0x000002853804db70 flushing  nmethod 0x0000028523d08588
Event: 15.411 Thread 0x000002853804db70 flushing  nmethod 0x0000028523d08c08
Event: 15.411 Thread 0x000002853804db70 flushing  nmethod 0x0000028523e62288
Event: 15.411 Thread 0x000002853804db70 flushing  nmethod 0x0000028523e64c88
Event: 15.411 Thread 0x000002853804db70 flushing  nmethod 0x0000028523e94f08
Event: 15.411 Thread 0x000002853804db70 flushing  nmethod 0x0000028523e95c88
Event: 15.411 Thread 0x000002853804db70 flushing  nmethod 0x0000028523e96888
Event: 15.411 Thread 0x000002853804db70 flushing  nmethod 0x0000028523e96f88
Event: 15.411 Thread 0x000002853804db70 flushing  nmethod 0x0000028523ed6b88
Event: 15.411 Thread 0x000002853804db70 flushing  nmethod 0x0000028523ed6e88
Event: 15.411 Thread 0x000002853804db70 flushing  nmethod 0x000002852403c408
Event: 15.411 Thread 0x000002853804db70 flushing  nmethod 0x000002852403c708
Event: 15.411 Thread 0x000002853804db70 flushing  nmethod 0x000002852403cf08
Event: 15.411 Thread 0x000002853804db70 flushing  nmethod 0x000002852403d208
Event: 15.411 Thread 0x000002853804db70 flushing  nmethod 0x000002852403d588

Events (20 events):
Event: 11.377 Thread 0x000002853fe1acc0 Thread added: 0x00000285386a8330
Event: 11.377 Thread 0x000002853fe1bc60 Thread added: 0x00000285386ab9e0
Event: 11.991 Thread 0x000002853fbe6bd0 Thread added: 0x00000285386aaa40
Event: 12.100 Thread 0x0000028540a75610 Thread added: 0x00000285386af860
Event: 13.627 Thread 0x000002853fe18d80 Thread added: 0x000002853f936070
Event: 13.628 Thread 0x000002853fe18d80 Thread added: 0x0000028540a6f850
Event: 13.629 Thread 0x0000028540a6f850 Thread added: 0x00000285413efff0
Event: 13.630 Thread 0x000002853f936070 Thread added: 0x00000285413ee880
Event: 13.632 Thread 0x00000285413efff0 Thread added: 0x00000285413f1f30
Event: 13.632 Thread 0x00000285413ee880 Thread added: 0x00000285413f2700
Event: 13.632 Thread 0x00000285413f1f30 Thread added: 0x00000285413f2ed0
Event: 13.641 Thread 0x00000285413f2ed0 Thread added: 0x00000285413f36a0
Event: 13.642 Thread 0x00000285413f2700 Thread added: 0x00000285413f4e10
Event: 13.645 Thread 0x00000285413f36a0 Thread added: 0x00000285413f55e0
Event: 13.646 Thread 0x00000285413f4e10 Thread added: 0x0000028541aa1600
Event: 13.646 Thread 0x00000285413f55e0 Thread added: 0x0000028541aa1dd0
Event: 14.160 Thread 0x000002853fe1acc0 Thread added: 0x0000028541aa44e0
Event: 14.217 Thread 0x000002853fbe3cf0 Thread added: 0x0000028541aa8360
Event: 15.780 Thread 0x000002853fe1bc60 Thread added: 0x0000028541aa5c50
Event: 17.926 Thread 0x000002853fbe3cf0 Thread added: 0x0000028541aa6420


Dynamic libraries:
0x00007ff655340000 - 0x00007ff65534a000 	C:\Program Files\Android\Android Studio\jbr\bin\java.exe
0x00007fffe0ee0000 - 0x00007fffe1146000 	C:\WINDOWS\SYSTEM32\ntdll.dll
0x00007fffe00f0000 - 0x00007fffe01b9000 	C:\WINDOWS\System32\KERNEL32.DLL
0x00007fffde800000 - 0x00007fffdebff000 	C:\WINDOWS\System32\KERNELBASE.dll
0x00007fffde2b0000 - 0x00007fffde3fc000 	C:\WINDOWS\System32\ucrtbase.dll
0x00007fffdaeb0000 - 0x00007fffdaecb000 	C:\Program Files\Android\Android Studio\jbr\bin\VCRUNTIME140.dll
0x00007fffbe330000 - 0x00007fffbe346000 	C:\Program Files\Android\Android Studio\jbr\bin\jli.dll
0x00007fffe0cd0000 - 0x00007fffe0e96000 	C:\WINDOWS\System32\USER32.dll
0x00007fffde280000 - 0x00007fffde2a7000 	C:\WINDOWS\System32\win32u.dll
0x00007fffc6eb0000 - 0x00007fffc7141000 	C:\WINDOWS\WinSxS\amd64_microsoft.windows.common-controls_6595b64144ccf1df_6.0.26100.8972_none_3e0da176e32f9d4b\COMCTL32.dll
0x00007fffdf820000 - 0x00007fffdf84b000 	C:\WINDOWS\System32\GDI32.dll
0x00007fffdee70000 - 0x00007fffdef19000 	C:\WINDOWS\System32\msvcrt.dll
0x00007fffde6d0000 - 0x00007fffde7f9000 	C:\WINDOWS\System32\gdi32full.dll
0x00007fffde620000 - 0x00007fffde6c3000 	C:\WINDOWS\System32\msvcp_win.dll
0x00007fffdfd20000 - 0x00007fffdfd52000 	C:\WINDOWS\System32\IMM32.DLL
0x00007fffdae90000 - 0x00007fffdae9c000 	C:\Program Files\Android\Android Studio\jbr\bin\vcruntime140_1.dll
0x00007fff9edb0000 - 0x00007fff9ee3d000 	C:\Program Files\Android\Android Studio\jbr\bin\msvcp140.dll
0x00007fff15aa0000 - 0x00007fff1697a000 	C:\Program Files\Android\Android Studio\jbr\bin\server\jvm.dll
0x00007fffdfc30000 - 0x00007fffdfcec000 	C:\WINDOWS\System32\ADVAPI32.dll
0x00007fffdec90000 - 0x00007fffded3a000 	C:\WINDOWS\System32\sechost.dll
0x00007fffdef20000 - 0x00007fffdf038000 	C:\WINDOWS\System32\RPCRT4.dll
0x00007fffe0b80000 - 0x00007fffe0c02000 	C:\WINDOWS\System32\WS2_32.dll
0x00007fffddd90000 - 0x00007fffdddee000 	C:\WINDOWS\SYSTEM32\POWRPROF.dll
0x00007fffd6ad0000 - 0x00007fffd6adb000 	C:\WINDOWS\SYSTEM32\VERSION.dll
0x00007fffd5210000 - 0x00007fffd5246000 	C:\WINDOWS\SYSTEM32\WINMM.dll
0x00007fffddd70000 - 0x00007fffddd85000 	C:\WINDOWS\SYSTEM32\UMPDC.dll
0x00007fffdcde0000 - 0x00007fffdcdfb000 	C:\WINDOWS\SYSTEM32\kernel.appcore.dll
0x00007fffdae80000 - 0x00007fffdae8a000 	C:\Program Files\Android\Android Studio\jbr\bin\jimage.dll
0x00007fffce400000 - 0x00007fffce642000 	C:\WINDOWS\SYSTEM32\DBGHELP.DLL
0x00007fffdfd60000 - 0x00007fffe00e5000 	C:\WINDOWS\System32\combase.dll
0x00007fffe04f0000 - 0x00007fffe05c9000 	C:\WINDOWS\System32\OLEAUT32.dll
0x00007fffd6b60000 - 0x00007fffd6b9b000 	C:\WINDOWS\SYSTEM32\dbgcore.DLL
0x00007fffde560000 - 0x00007fffde60c000 	C:\WINDOWS\System32\bcryptPrimitives.dll
0x00007fffd80f0000 - 0x00007fffd80fe000 	C:\Program Files\Android\Android Studio\jbr\bin\instrument.dll
0x00007fffd80d0000 - 0x00007fffd80ef000 	C:\Program Files\Android\Android Studio\jbr\bin\java.dll
0x00007fffdfa20000 - 0x00007fffdfbb9000 	C:\WINDOWS\System32\ole32.dll
0x00007fffdf040000 - 0x00007fffdf7c8000 	C:\WINDOWS\System32\SHELL32.dll
0x00007fffd8040000 - 0x00007fffd8057000 	C:\Program Files\Android\Android Studio\jbr\bin\zip.dll
0x00007fffdbba0000 - 0x00007fffdc43b000 	C:\WINDOWS\SYSTEM32\windows.storage.dll
0x00007fffe01c0000 - 0x00007fffe02b9000 	C:\WINDOWS\System32\SHCORE.dll
0x00007fffdfbc0000 - 0x00007fffdfc26000 	C:\WINDOWS\System32\shlwapi.dll
0x00007fffde010000 - 0x00007fffde039000 	C:\WINDOWS\SYSTEM32\profapi.dll
0x00007fffdae70000 - 0x00007fffdae80000 	C:\Program Files\Android\Android Studio\jbr\bin\net.dll
0x00007fffdd390000 - 0x00007fffdd3fc000 	C:\WINDOWS\system32\mswsock.dll
0x00007fffd7ff0000 - 0x00007fffd8006000 	C:\Program Files\Android\Android Studio\jbr\bin\nio.dll
0x00007fffd0d50000 - 0x00007fffd0d60000 	C:\Program Files\Android\Android Studio\jbr\bin\verify.dll
0x00007fffb5220000 - 0x00007fffb5247000 	C:\Users\iffeH\.gradle\native\660c5614fbf4a5f2a75b1949f50a0caf5cd603558e7d8a26e50b933a0cfb79d1\windows-amd64\native-platform.dll
0x00007fff95d40000 - 0x00007fff95db7000 	C:\Users\iffeH\.gradle\native\0.2.8\x86_64-windows-gnu\gradle-fileevents.dll
0x00007fffd75e0000 - 0x00007fffd75e9000 	C:\Program Files\Android\Android Studio\jbr\bin\management.dll
0x00007fffd75d0000 - 0x00007fffd75db000 	C:\Program Files\Android\Android Studio\jbr\bin\management_ext.dll
0x00007fffdedd0000 - 0x00007fffdedd8000 	C:\WINDOWS\System32\PSAPI.DLL
0x00007fffdc840000 - 0x00007fffdc873000 	C:\WINDOWS\SYSTEM32\IPHLPAPI.DLL
0x00007fffe0a60000 - 0x00007fffe0a6a000 	C:\WINDOWS\System32\NSI.dll
0x00007fffd8100000 - 0x00007fffd8109000 	C:\Program Files\Android\Android Studio\jbr\bin\extnet.dll
0x00007fffdd680000 - 0x00007fffdd69b000 	C:\WINDOWS\SYSTEM32\CRYPTSP.dll
0x00007fffdcd40000 - 0x00007fffdcd79000 	C:\WINDOWS\system32\rsaenh.dll
0x00007fffdd440000 - 0x00007fffdd472000 	C:\WINDOWS\SYSTEM32\USERENV.dll
0x00007fffddfe0000 - 0x00007fffde00a000 	C:\WINDOWS\SYSTEM32\bcrypt.dll
0x00007fffdd6a0000 - 0x00007fffdd6ac000 	C:\WINDOWS\SYSTEM32\CRYPTBASE.dll
0x00007fff9e080000 - 0x00007fff9e088000 	C:\WINDOWS\system32\wshunix.dll

JVMTI agents:
C:\Users\iffeH\.gradle\wrapper\dists\gradle-9.5.0-bin\bvnork1r7n8i6kp5cnkibsc9q\gradle-9.5.0\lib\agents\gradle-instrumentation-agent-9.5.0.jar path:C:\Program Files\Android\Android Studio\jbr\bin\instrument.dll, loaded, initialized, instrumentlib options:none

dbghelp: loaded successfully - version: 4.0.5 - missing functions: none
symbol engine: initialized successfully - sym options: 0x614 - pdb path: .;C:\Program Files\Android\Android Studio\jbr\bin;C:\WINDOWS\SYSTEM32;C:\WINDOWS\WinSxS\amd64_microsoft.windows.common-controls_6595b64144ccf1df_6.0.26100.8972_none_3e0da176e32f9d4b;C:\Program Files\Android\Android Studio\jbr\bin\server;C:\Users\iffeH\.gradle\native\660c5614fbf4a5f2a75b1949f50a0caf5cd603558e7d8a26e50b933a0cfb79d1\windows-amd64;C:\Users\iffeH\.gradle\native\0.2.8\x86_64-windows-gnu

VM Arguments:
jvm_args: --add-opens=java.base/java.lang=ALL-UNNAMED --add-opens=java.base/java.lang.invoke=ALL-UNNAMED --add-opens=java.base/java.util=ALL-UNNAMED --add-opens=java.prefs/java.util.prefs=ALL-UNNAMED --add-exports=jdk.compiler/com.sun.tools.javac.api=ALL-UNNAMED --add-exports=jdk.compiler/com.sun.tools.javac.util=ALL-UNNAMED --add-opens=java.base/java.nio.charset=ALL-UNNAMED --add-opens=java.base/java.net=ALL-UNNAMED --add-opens=java.base/java.util.concurrent=ALL-UNNAMED --add-opens=java.base/java.util.concurrent.atomic=ALL-UNNAMED --add-opens=java.xml/javax.xml.namespace=ALL-UNNAMED --add-opens=java.base/java.time=ALL-UNNAMED --enable-native-access=ALL-UNNAMED -Xmx2048m -Dfile.encoding=UTF-8 -Duser.country=SE -Duser.language=sv -Duser.variant -javaagent:C:\Users\iffeH\.gradle\wrapper\dists\gradle-9.5.0-bin\bvnork1r7n8i6kp5cnkibsc9q\gradle-9.5.0\lib\agents\gradle-instrumentation-agent-9.5.0.jar 
java_command: org.gradle.launcher.daemon.bootstrap.GradleDaemon 9.5.0
java_class_path (initial): C:\Users\iffeH\.gradle\wrapper\dists\gradle-9.5.0-bin\bvnork1r7n8i6kp5cnkibsc9q\gradle-9.5.0\lib\gradle-daemon-main-9.5.0.jar
Launcher Type: SUN_STANDARD

[Global flags]
     intx CICompilerCount                          = 4                                         {product} {ergonomic}
     uint ConcGCThreads                            = 3                                         {product} {ergonomic}
     uint G1ConcRefinementThreads                  = 10                                        {product} {ergonomic}
   size_t G1HeapRegionSize                         = 1048576                                   {product} {ergonomic}
   size_t InitialHeapSize                          = 98566144                                  {product} {ergonomic}
   size_t MarkStackSize                            = 4194304                                   {product} {ergonomic}
   size_t MarkStackSizeMax                         = 536870912                                 {product} {ergonomic}
   size_t MaxHeapSize                              = 2147483648                                {product} {command line}
   size_t MaxNewSize                               = 1287651328                                {product} {ergonomic}
   size_t MinHeapDeltaBytes                        = 1048576                                   {product} {ergonomic}
   size_t MinHeapSize                              = 8388608                                   {product} {ergonomic}
    uintx NonNMethodCodeHeapSize                   = 5832704                                {pd product} {ergonomic}
    uintx NonProfiledCodeHeapSize                  = 122945536                              {pd product} {ergonomic}
    uintx ProfiledCodeHeapSize                     = 122880000                              {pd product} {ergonomic}
    uintx ReservedCodeCacheSize                    = 251658240                              {pd product} {ergonomic}
     bool SegmentedCodeCache                       = true                                      {product} {ergonomic}
   size_t SoftMaxHeapSize                          = 2147483648                             {manageable} {ergonomic}
     bool UseCompressedOops                        = true                           {product lp64_product} {ergonomic}
     bool UseG1GC                                  = true                                      {product} {ergonomic}
     bool UseLargePagesIndividualAllocation        = false                                  {pd product} {ergonomic}

Logging:
Log output configuration:
 #0: stdout all=warning uptime,level,tags foldmultilines=false
 #1: stderr all=off uptime,level,tags foldmultilines=false

Release file:
JAVA_VERSION="25.0.2" 
MODULES="java.base java.compiler java.datatransfer java.xml java.prefs java.desktop java.instrument java.logging java.management java.security.sasl java.naming java.rmi java.management.rmi java.net.http java.scripting java.security.jgss java.transaction.xa java.sql java.sql.rowset java.xml.crypto java.se java.smartcardio jdk.accessibility jdk.internal.jvmstat jdk.attach jdk.charsets jdk.internal.opt jdk.zipfs jdk.compiler jdk.crypto.cryptoki jdk.crypto.ec jdk.dynalink jdk.hotspot.agent jdk.httpserver jdk.internal.ed jdk.internal.le jdk.internal.md jdk.internal.vm.ci jdk.jartool jdk.javadoc jdk.jcmd jdk.jdeps jdk.jdwp.agent jdk.jdi jdk.jfr jdk.jlink jdk.localedata jdk.management jdk.management.agent jdk.management.jfr jdk.naming.dns jdk.naming.rmi jdk.net jdk.sctp jdk.security.auth jdk.security.jgss jdk.unsupported jdk.unsupported.desktop jdk.xml.dom" 
IMPLEMENTOR="JetBrains s.r.o." 
JAVA_RUNTIME_VERSION="25.0.2+-15348964-b329.117" 
LIBC="default" 
OS_ARCH="x86_64" 
OS_NAME="Windows" 
SOURCE=".:git:3cf398e84a39" 

Environment Variables:
PATH=C:\Program Files\Common Files\Oracle\Java\javapath;C:\Program Files (x86)\Common Files\Oracle\Java\java8path;C:\Program Files (x86)\Common Files\Oracle\Java\javapath;C:\WINDOWS\system32;C:\WINDOWS;C:\WINDOWS\System32\Wbem;C:\WINDOWS\System32\WindowsPowerShell\v1.0\;C:\WINDOWS\System32\OpenSSH\;C:\Program Files\Git\cmd;C:\Program Files\Docker\Docker\resources\bin;C:\Program Files\nodejs\;C:\Users\iffeH\AppData\Local\Microsoft\WindowsApps;C:\Users\iffeH\AppData\Local\Programs\Microsoft VS Code\bin;C:\Program Files\JetBrains\IntelliJ IDEA Community Edition 2025.2.3\bin;C:\Program Files\JetBrains\IntelliJ IDEA 2025.2.5\bin;C:\Users\iffeH\AppData\Local\JetBrains\Toolbox\scripts;C:\Users\iffeH\AppData\Roaming\npm
USERNAME=iffeH
OS=Windows_NT
PROCESSOR_IDENTIFIER=AMD64 Family 25 Model 80 Stepping 0, AuthenticAMD
TMP=C:\Users\iffeH\AppData\Local\Temp
TEMP=C:\Users\iffeH\AppData\Local\Temp




Compilation memory statistics disabled.

Periodic native trim disabled

JNI global refs:
JNI global refs: 23, weak refs: 68

JNI global refs memory usage: 835, weak refs: 1465

Process memory usage:
Resident Set Size: 380540K (6% of 6124928K total physical memory with 113036K free physical memory)

OOME stack traces (most recent first):
Classloader memory used:
Loader org.gradle.internal.classloader.VisitableURLClassLoader                         : 32901 K
Loader bootstrap                                                                       : 25254 K
Loader org.gradle.internal.classloader.VisitableURLClassLoader$InstrumentingVisitableURLClassLoader: 14245 K
Loader org.gradle.initialization.MixInLegacyTypesClassLoader                           : 9223 K
Loader jdk.internal.loader.ClassLoaders$AppClassLoader                                 : 188 K
Loader jdk.internal.loader.ClassLoaders$PlatformClassLoader                            : 138 K

Classes loaded by more than one classloader:
Class com.google.common.collect.RegularImmutableMap$KeySet                            : loaded 2 times (x 154B)
Class com.google.common.base.PairwiseEquivalence                                      : loaded 2 times (x 85B)
Class com.google.common.base.Equivalence$Identity                                     : loaded 2 times (x 84B)
Class org.gradle.internal.classloader.FilteringClassLoader                            : loaded 2 times (x 106B)
Class [Lcom.google.common.collect.MapMakerInternalMap$Segment;                        : loaded 2 times (x 71B)
Class com.google.common.io.FileWriteMode                                              : loaded 2 times (x 81B)
Class [Lcom.google.common.base.AbstractIterator$State;                                : loaded 2 times (x 71B)
Class com.google.common.base.CharMatcher$IsEither                                     : loaded 2 times (x 113B)
Class org.gradle.internal.classloader.ClassLoaderHierarchy                            : loaded 2 times (x 72B)
Class com.google.common.collect.ImmutableList$1                                       : loaded 2 times (x 99B)
Class com.google.common.collect.ImmutableEnumSet                                      : loaded 2 times (x 148B)
Class com.google.common.util.concurrent.ExecutionError                                : loaded 2 times (x 84B)
Class com.google.common.collect.AbstractMapBasedMultimap$WrappedCollection            : loaded 2 times (x 126B)
Class com.google.common.collect.RegularImmutableMap                                   : loaded 2 times (x 122B)
Class com.google.common.collect.ImmutableMap$MapViewOfValuesAsSingletonSets           : loaded 2 times (x 128B)
Class com.google.common.io.ByteArrayDataOutput                                        : loaded 2 times (x 72B)
Class org.objectweb.asm.ClassVisitor                                                  : loaded 2 times (x 90B)
Class com.google.common.collect.UnmodifiableListIterator                              : loaded 2 times (x 97B)
Class com.google.common.collect.MapMakerInternalMap$StrongKeyDummyValueEntry$LinkedStrongKeyDummyValueEntry: loaded 2 times (x 84B)
Class com.google.common.collect.MapMakerInternalMap$Strength                          : loaded 2 times (x 82B)
Class [Lcom.google.common.cache.CacheBuilder$OneWeigher;                              : loaded 2 times (x 71B)
Class com.google.common.base.Suppliers                                                : loaded 2 times (x 73B)
Class org.gradle.internal.classloader.DefaultClassLoaderFactory                       : loaded 2 times (x 84B)
Class com.google.common.base.CharMatcher$None                                         : loaded 2 times (x 114B)
Class [Lcom.google.common.collect.ImmutableMapEntry;                                  : loaded 2 times (x 71B)
Class com.google.common.collect.ImmutableEnumMap                                      : loaded 2 times (x 128B)
Class com.google.common.collect.ListMultimap                                          : loaded 2 times (x 72B)
Class com.google.common.collect.Sets$1                                                : loaded 2 times (x 143B)
Class com.google.common.base.Splitter                                                 : loaded 2 times (x 74B)
Class org.gradle.api.internal.DefaultClassPathProvider                                : loaded 2 times (x 78B)
Class com.google.common.collect.MapMakerInternalMap$Strength$1                        : loaded 2 times (x 82B)
Class com.google.common.collect.Sets$2                                                : loaded 2 times (x 143B)
Class com.google.common.collect.Maps$ViewCachingAbstractMap                           : loaded 2 times (x 127B)
Class [Lorg.gradle.api.internal.ClassPathProvider;                                    : loaded 2 times (x 71B)
Class org.gradle.api.internal.ClassPathProvider                                       : loaded 2 times (x 72B)
Class com.google.common.collect.MapMakerInternalMap$Strength$2                        : loaded 2 times (x 82B)
Class com.google.common.collect.Sets$3                                                : loaded 2 times (x 143B)
Class com.google.common.base.AbstractIterator$State                                   : loaded 2 times (x 81B)
Class com.google.common.cache.LocalCache$LocalLoadingCache                            : loaded 2 times (x 136B)
Class org.gradle.internal.service.UnknownServiceException                             : loaded 2 times (x 85B)
Class com.google.common.collect.MapMakerInternalMap$StrongValueEntry                  : loaded 2 times (x 72B)
Class com.google.common.io.ByteArrayDataInput                                         : loaded 2 times (x 72B)
Class com.google.common.collect.Sets$4                                                : loaded 2 times (x 143B)
Class com.google.common.cache.LocalCache$Strength$1                                   : loaded 2 times (x 83B)
Class com.google.common.cache.LocalCache$Strength$2                                   : loaded 2 times (x 83B)
Class com.google.common.collect.Interners$InternerImpl                                : loaded 2 times (x 77B)
Class com.google.common.collect.Interner                                              : loaded 2 times (x 72B)
Class com.google.common.io.ByteStreams                                                : loaded 2 times (x 73B)
Class com.google.common.collect.TransformedIterator                                   : loaded 2 times (x 82B)
Class com.google.common.base.Splitter$1                                               : loaded 2 times (x 79B)
Class com.google.common.cache.LocalCache$Strength$3                                   : loaded 2 times (x 83B)
Class com.google.common.collect.MapDifference                                         : loaded 2 times (x 72B)
Class com.google.common.collect.MapMaker$Dummy                                        : loaded 2 times (x 81B)
Class com.google.common.cache.CacheBuilder$NullListener                               : loaded 2 times (x 84B)
Class org.gradle.internal.classpath.TransformedClassPath                              : loaded 2 times (x 98B)
Class org.gradle.internal.classloader.InstrumentingClassLoader                        : loaded 2 times (x 72B)
Class com.google.common.cache.CacheLoader$FunctionToCacheLoader                       : loaded 2 times (x 77B)
Class com.google.common.collect.Iterators$ArrayItr                                    : loaded 2 times (x 99B)
Class com.google.common.collect.ImmutableCollection$Builder                           : loaded 2 times (x 78B)
Class com.google.common.base.Joiner                                                   : loaded 2 times (x 82B)
Class com.google.common.base.MoreObjects                                              : loaded 2 times (x 73B)
Class com.google.common.collect.Platform                                              : loaded 2 times (x 73B)
Class com.google.common.collect.UnmodifiableIterator                                  : loaded 2 times (x 82B)
Class org.gradle.internal.service.ServiceLocator                                      : loaded 2 times (x 72B)
Class com.google.common.cache.LocalCache$1                                            : loaded 2 times (x 91B)
Class com.google.common.collect.Iterators$SingletonIterator                           : loaded 2 times (x 83B)
Class com.google.common.collect.AbstractMapEntry                                      : loaded 2 times (x 83B)
Class com.google.common.collect.MapMakerInternalMap$AbstractStrongKeyEntry            : loaded 2 times (x 82B)
Class com.google.common.collect.ImmutableList$Builder                                 : loaded 2 times (x 79B)
Class com.google.common.collect.Sets$ImprovedAbstractSet                              : loaded 2 times (x 137B)
Class com.google.common.cache.LocalCache$2                                            : loaded 2 times (x 144B)
Class com.google.common.collect.AbstractMultimap                                      : loaded 2 times (x 125B)
Class com.google.common.collect.RegularImmutableAsList                                : loaded 2 times (x 219B)
Class com.google.common.collect.Iterators                                             : loaded 2 times (x 73B)
Class com.google.common.io.ByteSink$AsCharSink                                        : loaded 2 times (x 82B)
Class com.google.common.collect.Lists$StringAsImmutableList                           : loaded 2 times (x 209B)
Class com.google.common.util.concurrent.UncheckedExecutionException                   : loaded 2 times (x 84B)
Class com.google.common.base.CharMatcher$And                                          : loaded 2 times (x 114B)
Class com.google.common.cache.CacheLoader$UnsupportedLoadingOperationException        : loaded 2 times (x 84B)
Class com.google.common.collect.IndexedImmutableSet                                   : loaded 2 times (x 154B)
Class com.google.common.collect.ImmutableMap$1                                        : loaded 2 times (x 83B)
Class com.google.common.collect.BiMap                                                 : loaded 2 times (x 72B)
Class org.gradle.api.internal.classpath.DefaultModuleRegistry$DefaultModule           : loaded 2 times (x 84B)
Class com.google.common.primitives.Ints                                               : loaded 2 times (x 73B)
Class com.google.common.collect.AbstractIterator                                      : loaded 2 times (x 84B)
Class com.google.common.math.MathPreconditions                                        : loaded 2 times (x 73B)
Class com.google.common.collect.ObjectArrays                                          : loaded 2 times (x 73B)
Class com.google.common.collect.AbstractIndexedListIterator                           : loaded 2 times (x 98B)
Class com.google.common.collect.ArrayListMultimapGwtSerializationDependencies         : loaded 2 times (x 173B)
Class com.google.common.collect.Multiset                                              : loaded 2 times (x 72B)
Class com.google.common.collect.ImmutableMapEntrySet                                  : loaded 2 times (x 154B)
Class org.gradle.api.internal.classpath.Module                                        : loaded 2 times (x 72B)
Class com.google.common.cache.Weigher                                                 : loaded 2 times (x 72B)
Class org.gradle.api.internal.classpath.UnknownModuleException                        : loaded 2 times (x 84B)
Class com.google.common.cache.LocalCache$Strength                                     : loaded 2 times (x 83B)
Class com.google.common.cache.Cache                                                   : loaded 2 times (x 72B)
Class com.google.common.collect.ImmutableMap$Builder                                  : loaded 2 times (x 84B)
Class com.google.common.base.NullnessCasts                                            : loaded 2 times (x 73B)
Class com.google.common.collect.AbstractMapBasedMultimap$WrappedCollection$WrappedIterator: loaded 2 times (x 86B)
Class com.google.common.cache.RemovalListener                                         : loaded 2 times (x 72B)
Class org.gradle.api.internal.DefaultClassPathRegistry                                : loaded 2 times (x 78B)
Class com.google.common.primitives.IntsMethodsForWeb                                  : loaded 2 times (x 73B)
Class com.google.common.collect.Multimap                                              : loaded 2 times (x 72B)
Class org.gradle.internal.classpath.DefaultClassPath$ImmutableUniqueList              : loaded 2 times (x 201B)
Class org.gradle.api.internal.ClassPathRegistry                                       : loaded 2 times (x 72B)
Class com.google.common.collect.MapMakerInternalMap$Segment                           : loaded 2 times (x 143B)
Class com.google.common.collect.SingletonImmutableList                                : loaded 2 times (x 209B)
Class com.google.common.io.ByteSink                                                   : loaded 2 times (x 78B)
Class com.google.common.cache.CacheBuilder                                            : loaded 2 times (x 74B)
Class org.gradle.internal.classpath.ClassPath                                         : loaded 2 times (x 72B)
Class com.google.common.collect.Interners$InternerBuilder                             : loaded 2 times (x 78B)
Class com.google.common.collect.ImmutableList$ReverseImmutableList                    : loaded 2 times (x 211B)
Class com.google.common.io.Files$FileByteSource                                       : loaded 2 times (x 87B)
Class com.google.common.base.JdkPattern                                               : loaded 2 times (x 77B)
Class org.gradle.api.internal.classpath.DefaultModuleRegistry$DefaultModuleAlias      : loaded 2 times (x 82B)
Class com.google.common.base.Suppliers$SupplierOfInstance                             : loaded 2 times (x 81B)
Class com.google.common.collect.Iterators$1                                           : loaded 2 times (x 83B)
Class com.google.common.cache.LocalCache$ComputingValueReference                      : loaded 2 times (x 98B)
Class com.google.common.collect.ImmutableMap$IteratorBasedImmutableMap                : loaded 2 times (x 128B)
Class com.google.common.collect.SingletonImmutableSet                                 : loaded 2 times (x 148B)
Class com.google.common.cache.LocalCache$Segment                                      : loaded 2 times (x 155B)
Class com.google.common.collect.ImmutableBiMap                                        : loaded 2 times (x 145B)
Class com.google.common.cache.CacheLoader                                             : loaded 2 times (x 76B)
Class com.google.common.collect.Iterators$4                                           : loaded 2 times (x 84B)
Class com.google.common.collect.AbstractListMultimap                                  : loaded 2 times (x 173B)
Class org.gradle.api.internal.classpath.ModuleRegistry                                : loaded 2 times (x 72B)
Class org.gradle.internal.installation.GradleInstallation$1                           : loaded 2 times (x 77B)
Class com.google.common.collect.ImmutableSet$JdkBackedSetBuilderImpl                  : loaded 2 times (x 78B)
Class com.google.common.base.Splitter$SplittingIterator                               : loaded 2 times (x 85B)
Class com.google.common.collect.Iterators$5                                           : loaded 2 times (x 84B)
Class com.google.common.base.CharMatcher$ForPredicate                                 : loaded 2 times (x 114B)
Class com.google.common.cache.LocalCache$LocalManualCache$1                           : loaded 2 times (x 77B)
Class com.google.common.base.CharMatcher$AnyOf                                        : loaded 2 times (x 114B)
Class com.google.common.collect.ImmutableCollection                                   : loaded 2 times (x 127B)
Class org.gradle.api.internal.classpath.DefaultModuleRegistry                         : loaded 2 times (x 86B)
Class com.google.common.collect.Lists                                                 : loaded 2 times (x 73B)
Class com.google.common.cache.ReferenceEntry                                          : loaded 2 times (x 72B)
Class com.google.common.base.Converter                                                : loaded 2 times (x 92B)
Class com.google.common.collect.ImmutableSet$CachingAsList                            : loaded 2 times (x 150B)
Class com.google.common.base.FunctionalEquivalence                                    : loaded 2 times (x 85B)
Class com.google.common.collect.Iterators$9                                           : loaded 2 times (x 83B)
Class com.google.common.collect.AbstractMapBasedMultimap                              : loaded 2 times (x 140B)
Class com.google.common.collect.ImmutableAsList                                       : loaded 2 times (x 211B)
Class com.google.common.cache.CacheLoader$SupplierToCacheLoader                       : loaded 2 times (x 77B)
Class com.google.common.collect.Maps$EntryTransformer                                 : loaded 2 times (x 72B)
Class org.gradle.internal.service.ServiceLookupException                              : loaded 2 times (x 84B)
Class [Lcom.google.common.cache.LocalCache$EntryFactory;                              : loaded 2 times (x 71B)
Class org.gradle.internal.classloader.ClassLoaderFactory                              : loaded 2 times (x 72B)
Class com.google.common.base.CharMatcher$IsNot                                        : loaded 2 times (x 113B)
Class com.google.common.base.CommonPattern                                            : loaded 2 times (x 76B)
Class com.google.common.cache.LocalCache$LocalManualCache                             : loaded 2 times (x 101B)
Class org.gradle.internal.service.CachingServiceLocator                               : loaded 2 times (x 84B)
Class com.google.common.math.IntMath                                                  : loaded 2 times (x 73B)
Class com.google.common.collect.ImmutableMapEntry                                     : loaded 2 times (x 87B)
Class com.google.common.collect.MapMakerInternalMap$InternalEntry                     : loaded 2 times (x 72B)
Class com.google.common.collect.ImmutableMapEntry$NonTerminalImmutableMapEntry        : loaded 2 times (x 87B)
Class com.google.common.base.Equivalence                                              : loaded 2 times (x 84B)
Class com.google.common.base.Function                                                 : loaded 2 times (x 72B)
Class com.google.common.collect.RegularImmutableList                                  : loaded 2 times (x 215B)
Class com.google.common.cache.CacheBuilder$OneWeigher                                 : loaded 2 times (x 84B)
Class org.gradle.internal.classloader.ClasspathUtil                                   : loaded 2 times (x 73B)
Class com.google.common.collect.Maps                                                  : loaded 2 times (x 73B)
Class org.gradle.api.specs.Spec                                                       : loaded 2 times (x 72B)
Class [Lcom.google.common.collect.ImmutableEntry;                                     : loaded 2 times (x 71B)
Class com.google.common.collect.MapMaker                                              : loaded 2 times (x 74B)
Class com.google.common.cache.LocalCache$LoadingValueReference                        : loaded 2 times (x 98B)
Class com.google.common.collect.MapMakerInternalMap$StrongKeyDummyValueEntry          : loaded 2 times (x 84B)
Class com.google.common.collect.AbstractMapBasedMultimap$WrappedList                  : loaded 2 times (x 207B)
Class com.google.common.collect.Maps$8                                                : loaded 2 times (x 84B)
Class com.google.common.collect.Sets$SetView                                          : loaded 2 times (x 141B)
Class com.google.common.graph.SuccessorsFunction                                      : loaded 2 times (x 72B)
Class org.gradle.internal.classloader.VisitableURLClassLoader$InstrumentingVisitableURLClassLoader: loaded 2 times (x 124B)
Class com.google.common.collect.MapMakerInternalMap$StrongKeyDummyValueEntry$Helper   : loaded 2 times (x 81B)
Class com.google.common.math.IntMath$1                                                : loaded 2 times (x 73B)
Class com.google.common.io.Files$FileByteSink                                         : loaded 2 times (x 79B)
Class [Lcom.google.common.cache.CacheBuilder$NullListener;                            : loaded 2 times (x 71B)
Class org.gradle.internal.classloader.VisitableURLClassLoader$Spec                    : loaded 2 times (x 76B)
Class org.gradle.internal.classpath.DefaultClassPath                                  : loaded 2 times (x 92B)
Class com.google.common.base.AbstractIterator                                         : loaded 2 times (x 82B)
Class com.google.common.collect.RegularImmutableMap$Values                            : loaded 2 times (x 209B)
Class com.google.common.base.CharMatcher$BitSetMatcher                                : loaded 2 times (x 114B)
Class com.google.common.collect.ImmutableSet                                          : loaded 2 times (x 147B)
Class org.gradle.internal.classloader.ClassLoaderSpec                                 : loaded 2 times (x 73B)
Class com.google.common.cache.CacheStats                                              : loaded 2 times (x 73B)
Class com.google.common.collect.Interners                                             : loaded 2 times (x 73B)
Class com.google.common.io.LineProcessor                                              : loaded 2 times (x 72B)
Class com.google.common.base.CharMatcher$Or                                           : loaded 2 times (x 114B)
Class org.gradle.api.internal.classpath.Module$ModuleAlias                            : loaded 2 times (x 72B)
Class org.objectweb.asm.Attribute                                                     : loaded 2 times (x 79B)
Class com.google.common.base.Supplier                                                 : loaded 2 times (x 72B)
Class org.gradle.internal.classloader.VisitableURLClassLoader                         : loaded 2 times (x 118B)
Class org.gradle.internal.Cast                                                        : loaded 2 times (x 73B)
Class org.gradle.api.Action                                                           : loaded 2 times (x 72B)
Class com.google.common.collect.MapMakerInternalMap                                   : loaded 2 times (x 162B)
Class com.google.common.collect.Sets                                                  : loaded 2 times (x 73B)
Class com.google.common.base.CharMatcher$FastMatcher                                  : loaded 2 times (x 113B)
Class com.google.common.base.Ticker                                                   : loaded 2 times (x 74B)
Class [Lcom.google.common.cache.LocalCache$Segment;                                   : loaded 2 times (x 71B)
Class com.google.common.base.Predicate                                                : loaded 2 times (x 72B)
Class [Lcom.google.common.cache.LocalCache$Strength;                                  : loaded 2 times (x 71B)
Class com.google.common.cache.CacheBuilder$1                                          : loaded 2 times (x 87B)
Class com.google.common.collect.ImmutableMap                                          : loaded 2 times (x 122B)
Class org.gradle.internal.classpath.DefaultClassPath$ImmutableUniqueList$Builder      : loaded 2 times (x 77B)
Class com.google.common.collect.MapMakerInternalMap$WeakValueReference                : loaded 2 times (x 72B)
Class com.google.common.base.CharMatcher$NegatedFastMatcher                           : loaded 2 times (x 115B)
Class com.google.common.cache.LocalCache                                              : loaded 2 times (x 188B)
Class com.google.common.cache.CacheBuilder$2                                          : loaded 2 times (x 81B)
Class [Lcom.google.common.collect.AbstractMapEntry;                                   : loaded 2 times (x 71B)
Class com.google.common.collect.ImmutableEntry                                        : loaded 2 times (x 84B)
Class com.google.common.cache.CacheBuilder$3                                          : loaded 2 times (x 74B)
Class com.google.common.collect.ArrayListMultimap                                     : loaded 2 times (x 173B)
Class org.gradle.api.GradleException                                                  : loaded 2 times (x 84B)
Class com.google.common.collect.CollectPreconditions                                  : loaded 2 times (x 73B)
Class [Lcom.google.common.collect.MapMakerInternalMap$Strength;                       : loaded 2 times (x 71B)
Class [Lcom.google.common.io.FileWriteMode;                                           : loaded 2 times (x 71B)
Class com.google.common.collect.SortedMapDifference                                   : loaded 2 times (x 72B)
Class com.google.common.collect.MapMakerInternalMap$StrongKeyDummyValueSegment        : loaded 2 times (x 143B)
Class com.google.common.io.Files                                                      : loaded 2 times (x 73B)
Class com.google.common.cache.LocalCache$EntryFactory                                 : loaded 2 times (x 85B)
Class [Lcom.google.common.collect.MapMaker$Dummy;                                     : loaded 2 times (x 71B)
Class org.gradle.internal.IoActions                                                   : loaded 2 times (x 73B)
Class com.google.common.cache.CacheLoader$InvalidCacheLoadException                   : loaded 2 times (x 84B)
Class com.google.common.collect.ImmutableSet$RegularSetBuilderImpl                    : loaded 2 times (x 78B)
Class com.google.common.cache.LoadingCache                                            : loaded 2 times (x 72B)
Class com.google.common.collect.RegularImmutableMap$BucketOverflowException           : loaded 2 times (x 84B)
Class com.google.common.io.ByteStreams$LimitedInputStream                             : loaded 2 times (x 94B)
Class [Lcom.google.common.cache.Weigher;                                              : loaded 2 times (x 71B)
Class com.google.common.collect.AbstractMapBasedMultimap$RandomAccessWrappedList      : loaded 2 times (x 207B)
Class com.google.common.base.CharMatcher$Negated                                      : loaded 2 times (x 115B)
Class com.google.common.base.CharMatcher$Is                                           : loaded 2 times (x 113B)
Class com.google.common.cache.LocalCache$ValueReference                               : loaded 2 times (x 72B)
Class com.google.common.collect.Hashing                                               : loaded 2 times (x 73B)
Class com.google.common.base.Equivalence$Equals                                       : loaded 2 times (x 84B)
Class com.google.common.base.Preconditions                                            : loaded 2 times (x 73B)
Class com.google.common.io.CharSink                                                   : loaded 2 times (x 81B)
Class com.google.common.base.CharMatcher                                              : loaded 2 times (x 113B)
Class com.google.common.base.Joiner$1                                                 : loaded 2 times (x 83B)
Class com.google.common.collect.PeekingIterator                                       : loaded 2 times (x 72B)
Class com.google.common.collect.MapMakerInternalMap$InternalEntryHelper               : loaded 2 times (x 72B)
Class com.google.common.collect.Table                                                 : loaded 2 times (x 72B)
Class com.google.common.base.CharMatcher$1                                            : loaded 2 times (x 115B)
Class com.google.common.base.CharMatcher$NamedFastMatcher                             : loaded 2 times (x 114B)
Class com.google.common.base.Joiner$2                                                 : loaded 2 times (x 82B)
Class com.google.common.cache.LocalCache$EntryFactory$1                               : loaded 2 times (x 85B)
Class [Lcom.google.common.cache.RemovalListener;                                      : loaded 2 times (x 71B)
Class com.google.common.cache.LocalCache$EntryFactory$2                               : loaded 2 times (x 85B)
Class com.google.common.collect.ImmutableMapEntrySet$RegularEntrySet                  : loaded 2 times (x 154B)
Class com.google.common.cache.LocalCache$EntryFactory$3                               : loaded 2 times (x 85B)
Class com.google.common.base.Ticker$1                                                 : loaded 2 times (x 74B)
Class com.google.common.collect.Maps$BiMapConverter                                   : loaded 2 times (x 92B)
Class com.google.common.base.CharMatcher$InRange                                      : loaded 2 times (x 113B)
Class com.google.common.cache.LocalCache$EntryFactory$4                               : loaded 2 times (x 85B)
Class com.google.common.collect.ImmutableSet$Builder                                  : loaded 2 times (x 87B)
Class com.google.common.io.ByteStreams$1                                              : loaded 2 times (x 87B)
Class com.google.common.cache.LocalCache$EntryFactory$5                               : loaded 2 times (x 85B)
Class com.google.common.cache.LocalCache$EntryFactory$6                               : loaded 2 times (x 85B)
Class org.gradle.internal.installation.CurrentGradleInstallationLocator               : loaded 2 times (x 73B)
Class com.google.common.cache.LocalCache$EntryFactory$7                               : loaded 2 times (x 85B)
Class com.google.common.collect.ImmutableList                                         : loaded 2 times (x 208B)
Class org.gradle.internal.service.DefaultServiceLocator                               : loaded 2 times (x 85B)
Class com.google.common.collect.Maps$EntrySet                                         : loaded 2 times (x 138B)
Class com.google.common.cache.LocalCache$EntryFactory$8                               : loaded 2 times (x 85B)
Class com.google.common.collect.ImmutableSet$SetBuilderImpl                           : loaded 2 times (x 78B)
Class org.gradle.internal.installation.CurrentGradleInstallation                      : loaded 2 times (x 75B)
Class com.google.common.collect.ImmutableList$SubList                                 : loaded 2 times (x 211B)
Class com.google.common.cache.CacheLoader$1                                           : loaded 2 times (x 77B)
Class org.gradle.util.internal.GUtil                                                  : loaded 2 times (x 73B)
Class com.google.common.io.ByteSource                                                 : loaded 2 times (x 86B)
Class com.google.common.cache.AbstractCache$StatsCounter                              : loaded 2 times (x 72B)
Class com.google.common.collect.MapMakerInternalMap$1                                 : loaded 2 times (x 85B)
Class com.google.common.collect.Iterators$MergingIterator                             : loaded 2 times (x 83B)
Class com.google.common.collect.RegularImmutableSet                                   : loaded 2 times (x 150B)
Class org.gradle.internal.installation.GradleInstallation                             : loaded 2 times (x 77B)
Class com.google.common.base.Splitter$Strategy                                        : loaded 2 times (x 72B)

---------------  S Y S T E M  ---------------

OS:
 Windows 11 , 64 bit Build 26100 (10.0.26100.9168)
OS uptime: 7 days 7:35 hours
Hyper-V role detected

CPU: total 12 (initial active 12) (12 cores per cpu, 2 threads per core) family 25 model 80 stepping 0 microcode 0xa50000d, cx8, cmov, fxsr, ht, mmx, 3dnowpref, sse, sse2, sse3, ssse3, sse4a, sse4.1, sse4.2, popcnt, lzcnt, tsc, tscinvbit, avx, avx2, aes, erms, clmul, bmi1, bmi2, adx, sha, fma, vzeroupper, clflush, clflushopt, clwb, hv, rdtscp, rdpid, fsrm, f16c, cet_ss
Processor Information for the first 12 processors :
  Max Mhz: 2000, Current Mhz: 2000, Mhz Limit: 2000

Memory: 4k page, system-wide physical 5981M (88M free)
TotalPageFile size 24413M (AvailPageFile size 3M)
current process WorkingSet (physical memory assigned to process): 371M, peak: 427M
current process commit charge ("private bytes"): 610M, peak: 611M

vm_info: OpenJDK 64-Bit Server VM (25.0.2+-15348964-b329.117) for windows-amd64 JRE (25.0.2+-15348964-b329.117), built on 2026-05-05T18:25:19Z with MS VC++ 16.10 / 16.11 (VS2019)

END.
