#
# There is insufficient memory for the Java Runtime Environment to continue.
# Native memory allocation (mmap) failed to map 585105408 bytes. Error detail: G1 virtual space
# Possible reasons:
#   The system is out of physical RAM or swap space
#   This process is running with CompressedOops enabled, and the Java Heap may be blocking the growth of the native heap
# Possible solutions:
#   Reduce memory load on the system
#   Increase physical memory or swap space
#   Check if swap backing store is full
#   Decrease Java heap size (-Xmx/-Xms)
#   Decrease number of Java threads
#   Decrease Java thread stack sizes (-Xss)
#   Set larger code cache with -XX:ReservedCodeCacheSize=
#   JVM is running with Unscaled Compressed Oops mode in which the Java heap is
#     placed in the first 4GB address space. The Java Heap base address is the
#     maximum limit for the native heap growth. Please use -XX:HeapBaseMinAddress
#     to set the Java Heap base and to place the Java Heap above 4GB virtual address.
# This output file may be truncated or incomplete.
#
#  Out of Memory Error (os_windows.cpp:3766), pid=23204, tid=20940
#
# JRE version: OpenJDK Runtime Environment (25.0.2) (build 25.0.2+-15348964-b329.117)
# Java VM: OpenJDK 64-Bit Server VM (25.0.2+-15348964-b329.117, mixed mode, tiered, compressed oops, compressed class ptrs, g1 gc, windows-amd64)
# No core dump will be written. Minidumps are not enabled by default on client versions of Windows
#

---------------  S U M M A R Y ------------

Command Line: --add-opens=java.base/java.lang=ALL-UNNAMED --add-opens=java.base/java.lang.invoke=ALL-UNNAMED --add-opens=java.base/java.util=ALL-UNNAMED --add-opens=java.prefs/java.util.prefs=ALL-UNNAMED --add-exports=jdk.compiler/com.sun.tools.javac.api=ALL-UNNAMED --add-exports=jdk.compiler/com.sun.tools.javac.util=ALL-UNNAMED --add-opens=java.base/java.nio.charset=ALL-UNNAMED --add-opens=java.base/java.net=ALL-UNNAMED --add-opens=java.base/java.util.concurrent=ALL-UNNAMED --add-opens=java.base/java.util.concurrent.atomic=ALL-UNNAMED --add-opens=java.xml/javax.xml.namespace=ALL-UNNAMED --add-opens=java.base/java.time=ALL-UNNAMED --enable-native-access=ALL-UNNAMED -Xmx2048m -Dfile.encoding=UTF-8 -Duser.country=SE -Duser.language=sv -Duser.variant -javaagent:C:\Users\iffeH\.gradle\wrapper\dists\gradle-9.5.0-bin\bvnork1r7n8i6kp5cnkibsc9q\gradle-9.5.0\lib\agents\gradle-instrumentation-agent-9.5.0.jar org.gradle.launcher.daemon.bootstrap.GradleDaemon 9.5.0

Host: AMD Ryzen 5 7530U with Radeon Graphics         , 12 cores, 5G,  Windows 11 , 64 bit Build 26100 (10.0.26100.9168)
Time: Fri Sep  4 09:14:03 2026 Västeuropa, sommartid elapsed time: 68.317455 seconds (0d 0h 1m 8s)

---------------  T H R E A D  ---------------

Current thread (0x00000251c1fa0790):  VMThread "VM Thread"          [id=20940, stack(0x0000009093500000,0x0000009093600000) (1024K)]

Stack: [0x0000009093500000,0x0000009093600000]
Native frames: (J=compiled Java code, j=interpreted, Vv=VM code, C=native code)
V  [jvm.dll+0x7bd439]  (no source info available)
V  [jvm.dll+0x78763d]  (no source info available)
V  [jvm.dll+0xa0c885]  (no source info available)
V  [jvm.dll+0xa0ef04]  (no source info available)
V  [jvm.dll+0xa0f603]  (no source info available)
V  [jvm.dll+0x309bf6]  (no source info available)
V  [jvm.dll+0x7b9545]  (no source info available)
V  [jvm.dll+0x7ac047]  (no source info available)
V  [jvm.dll+0x3fdeab]  (no source info available)
V  [jvm.dll+0x406066]  (no source info available)
V  [jvm.dll+0x3f2516]  (no source info available)
V  [jvm.dll+0x3f27f8]  (no source info available)
V  [jvm.dll+0x3c7b82]  (no source info available)
V  [jvm.dll+0x3c7c1a]  (no source info available)
V  [jvm.dll+0x4172d0]  (no source info available)
V  [jvm.dll+0x415bf1]  (no source info available)
V  [jvm.dll+0x3c72b7]  (no source info available)
V  [jvm.dll+0x41502f]  (no source info available)
V  [jvm.dll+0xa158ca]  (no source info available)
V  [jvm.dll+0xa16bd1]  (no source info available)
V  [jvm.dll+0xa17148]  (no source info available)
V  [jvm.dll+0xa173d3]  (no source info available)
V  [jvm.dll+0x9ab9c8]  (no source info available)
V  [jvm.dll+0x7bb985]  (no source info available)
C  [ucrtbase.dll+0x2cd30]  (no source info available)
C  [KERNEL32.DLL+0x2ccb7]  (no source info available)
C  [ntdll.dll+0xaad6c]  (no source info available)

VM_Operation (0x00000090996fe030): G1CollectForAllocation, mode: safepoint, requested by thread 0x00000251cc600d00


---------------  P R O C E S S  ---------------

Threads class SMR info:
_java_thread_list=0x00000251ca61bd30, length=86, elements={
0x00000251a8211590, 0x00000251c1fc7250, 0x00000251c1fd42b0, 0x00000251c1fd4e70,
0x00000251c1fded10, 0x00000251c1fdf8d0, 0x00000251c1fe0490, 0x00000251c1fddb70,
0x00000251c2004f30, 0x00000251c2005740, 0x00000251c24eca10, 0x00000251c7e70bc0,
0x00000251c92896f0, 0x00000251c90d81e0, 0x00000251c91196f0, 0x00000251c91272f0,
0x00000251c91369c0, 0x00000251c922d610, 0x00000251c92304f0, 0x00000251c9230cc0,
0x00000251c9231490, 0x00000251c97747c0, 0x00000251c9775760, 0x00000251c9773ff0,
0x00000251c9772880, 0x00000251c9776700, 0x00000251c9776ed0, 0x00000251c9778640,
0x00000251c9524200, 0x00000251c95251a0, 0x00000251c9522a90, 0x00000251c9526910,
0x00000251c95278b0, 0x00000251c95270e0, 0x00000251c9eefee0, 0x00000251c9ef2dc0,
0x00000251c9ef3590, 0x00000251c9ef0e80, 0x00000251c9ef06b0, 0x00000251c9ef4530,
0x00000251c9ef4d00, 0x00000251c9ef6c40, 0x00000251c9ef54d0, 0x00000251c8cf7830,
0x00000251c8cfaee0, 0x00000251c8cf8000, 0x00000251c8cfbe80, 0x00000251c8cfce20,
0x00000251c8cfddc0, 0x00000251ca80a620, 0x00000251ca809680, 0x00000251ca809e50,
0x00000251ca80e4a0, 0x00000251c8c1f000, 0x00000251c8c20f40, 0x00000251c8c1e060,
0x00000251cb916590, 0x00000251cb9155f0, 0x00000251cb912ee0, 0x00000251cb918ca0,
0x00000251cb91a410, 0x00000251cb91bb80, 0x00000251cb91e290, 0x00000251cb91dac0,
0x00000251cb91d2f0, 0x00000251cb91fa00, 0x00000251cb91f230, 0x00000251cb9201d0,
0x00000251cbc9a6c0, 0x00000251cbc98f50, 0x00000251cbc99ef0, 0x00000251cbc9c600,
0x00000251cbc9ed10, 0x00000251cbc9f4e0, 0x00000251cbc9fcb0, 0x00000251cbca2b90,
0x00000251cbca3b30, 0x00000251cbca4ad0, 0x00000251cbca5a70, 0x00000251cbca6240,
0x00000251cb91b3b0, 0x00000251cc601ca0, 0x00000251cc5fedc0, 0x00000251cc602c40,
0x00000251cc603410, 0x00000251cc600d00
}

Java Threads: ( => current thread )
  0x00000251a8211590 JavaThread "main"                              [_thread_blocked, id=31712, stack(0x0000009092e00000,0x0000009092f00000) (1024K)]
  0x00000251c1fc7250 JavaThread "Common-Cleaner"             daemon [_thread_blocked, id=26524, stack(0x0000009093600000,0x0000009093700000) (1024K)]
  0x00000251c1fd42b0 JavaThread "Reference Handler"          daemon [_thread_blocked, id=31180, stack(0x0000009093700000,0x0000009093800000) (1024K)]
  0x00000251c1fd4e70 JavaThread "Finalizer"                  daemon [_thread_blocked, id=16660, stack(0x0000009093800000,0x0000009093900000) (1024K)]
  0x00000251c1fded10 JavaThread "Signal Dispatcher"          daemon [_thread_blocked, id=31288, stack(0x0000009093900000,0x0000009093a00000) (1024K)]
  0x00000251c1fdf8d0 JavaThread "Attach Listener"            daemon [_thread_blocked, id=30592, stack(0x0000009093a00000,0x0000009093b00000) (1024K)]
  0x00000251c1fe0490 JavaThread "Service Thread"             daemon [_thread_blocked, id=18152, stack(0x0000009093b00000,0x0000009093c00000) (1024K)]
  0x00000251c1fddb70 JavaThread "Monitor Deflation Thread"   daemon [_thread_blocked, id=5864, stack(0x0000009093c00000,0x0000009093d00000) (1024K)]
  0x00000251c2004f30 JavaThread "C2 CompilerThread0"         daemon [_thread_blocked, id=25344, stack(0x0000009093d00000,0x0000009093e00000) (1024K)]
  0x00000251c2005740 JavaThread "C1 CompilerThread0"         daemon [_thread_blocked, id=15332, stack(0x0000009093e00000,0x0000009093f00000) (1024K)]
  0x00000251c24eca10 JavaThread "Notification Thread"        daemon [_thread_blocked, id=28468, stack(0x0000009093f00000,0x0000009094000000) (1024K)]
  0x00000251c7e70bc0 JavaThread "Daemon health stats"               [_thread_blocked, id=8628, stack(0x0000009094500000,0x0000009094600000) (1024K)]
  0x00000251c92896f0 JavaThread "Incoming local TCP Connector on port 49738"        [_thread_in_native, id=29284, stack(0x0000009094600000,0x0000009094700000) (1024K)]
  0x00000251c90d81e0 JavaThread "Daemon periodic checks"            [_thread_blocked, id=7128, stack(0x0000009094700000,0x0000009094800000) (1024K)]
  0x00000251c91196f0 JavaThread "Daemon"                            [_thread_blocked, id=3044, stack(0x0000009094800000,0x0000009094900000) (1024K)]
  0x00000251c91272f0 JavaThread "Handler for socket connection from /127.0.0.1:49738 to /127.0.0.1:49739"        [_thread_in_native, id=32780, stack(0x0000009094900000,0x0000009094a00000) (1024K)]
  0x00000251c91369c0 JavaThread "Cancel handler"                    [_thread_blocked, id=29144, stack(0x0000009094a00000,0x0000009094b00000) (1024K)]
  0x00000251c922d610 JavaThread "Daemon worker"                     [_thread_blocked, id=14668, stack(0x0000009094b00000,0x0000009094c00000) (1024K)]
  0x00000251c92304f0 JavaThread "Asynchronous log dispatcher for DefaultDaemonConnection: socket connection from /127.0.0.1:49738 to /127.0.0.1:49739"        [_thread_blocked, id=16000, stack(0x0000009095200000,0x0000009095300000) (1024K)]
  0x00000251c9230cc0 JavaThread "Stdin handler"                     [_thread_blocked, id=23740, stack(0x0000009095300000,0x0000009095400000) (1024K)]
  0x00000251c9231490 JavaThread "Daemon client event forwarder"        [_thread_blocked, id=22948, stack(0x0000009095400000,0x0000009095500000) (1024K)]
  0x00000251c97747c0 JavaThread "Cache worker for journal cache (C:\Users\iffeH\.gradle\caches\journal-1)"        [_thread_blocked, id=28228, stack(0x0000009095500000,0x0000009095600000) (1024K)]
  0x00000251c9775760 JavaThread "File lock request listener"        [_thread_in_native, id=30828, stack(0x0000009095600000,0x0000009095700000) (1024K)]
  0x00000251c9773ff0 JavaThread "Cache worker for file hash cache (C:\Users\iffeH\.gradle\caches\9.5.0\fileHashes)"        [_thread_blocked, id=4652, stack(0x0000009095700000,0x0000009095800000) (1024K)]
  0x00000251c9772880 JavaThread "Cache worker for file hash cache (C:\Users\iffeH\AndroidStudioProjects\LifeCycle_V6\.gradle\9.5.0\fileHashes)"        [_thread_blocked, id=20768, stack(0x0000009095800000,0x0000009095900000) (1024K)]
  0x00000251c9776700 JavaThread "Cache worker for checksums cache (C:\Users\iffeH\AndroidStudioProjects\LifeCycle_V6\.gradle\9.5.0\checksums)"        [_thread_blocked, id=25636, stack(0x0000009095900000,0x0000009095a00000) (1024K)]
  0x00000251c9776ed0 JavaThread "Cache worker for Build Output Cleanup Cache (C:\Users\iffeH\AndroidStudioProjects\LifeCycle_V6\.gradle\buildOutputCleanup)"        [_thread_blocked, id=22964, stack(0x0000009095a00000,0x0000009095b00000) (1024K)]
  0x00000251c9778640 JavaThread "Cache worker for file content cache (C:\Users\iffeH\.gradle\caches\9.5.0\fileContent)"        [_thread_blocked, id=26720, stack(0x0000009095b00000,0x0000009095c00000) (1024K)]
  0x00000251c9524200 JavaThread "File watcher server"        daemon [_thread_blocked, id=27664, stack(0x0000009095c00000,0x0000009095d00000) (1024K)]
  0x00000251c95251a0 JavaThread "File watcher consumer"      daemon [_thread_blocked, id=6004, stack(0x0000009095d00000,0x0000009095e00000) (1024K)]
  0x00000251c9522a90 JavaThread "Cache worker for cache directory md-supplier (C:\Users\iffeH\.gradle\caches\9.5.0\md-supplier)"        [_thread_blocked, id=29436, stack(0x0000009095e00000,0x0000009095f00000) (1024K)]
  0x00000251c9526910 JavaThread "Cache worker for cache directory md-rule (C:\Users\iffeH\.gradle\caches\9.5.0\md-rule)"        [_thread_blocked, id=24256, stack(0x0000009095f00000,0x0000009096000000) (1024K)]
  0x00000251c95278b0 JavaThread "jar transforms"                    [_thread_blocked, id=3392, stack(0x0000009096000000,0x0000009096100000) (1024K)]
  0x00000251c95270e0 JavaThread "jar transforms Thread 2"           [_thread_blocked, id=33552, stack(0x0000009096100000,0x0000009096200000) (1024K)]
  0x00000251c9eefee0 JavaThread "jar transforms Thread 3"           [_thread_blocked, id=5180, stack(0x0000009096200000,0x0000009096300000) (1024K)]
  0x00000251c9ef2dc0 JavaThread "Build operations"                  [_thread_blocked, id=564, stack(0x0000009096300000,0x0000009096400000) (1024K)]
  0x00000251c9ef3590 JavaThread "Build operations Thread 2"         [_thread_blocked, id=30484, stack(0x0000009096400000,0x0000009096500000) (1024K)]
  0x00000251c9ef0e80 JavaThread "Build operations Thread 3"         [_thread_blocked, id=30560, stack(0x0000009096500000,0x0000009096600000) (1024K)]
  0x00000251c9ef06b0 JavaThread "Build operations Thread 4"         [_thread_blocked, id=31440, stack(0x0000009096600000,0x0000009096700000) (1024K)]
  0x00000251c9ef4530 JavaThread "Build operations Thread 5"         [_thread_blocked, id=2564, stack(0x0000009096700000,0x0000009096800000) (1024K)]
  0x00000251c9ef4d00 JavaThread "Build operations Thread 6"         [_thread_blocked, id=18992, stack(0x0000009096800000,0x0000009096900000) (1024K)]
  0x00000251c9ef6c40 JavaThread "Build operations Thread 7"         [_thread_blocked, id=6228, stack(0x0000009096900000,0x0000009096a00000) (1024K)]
  0x00000251c9ef54d0 JavaThread "Build operations Thread 8"         [_thread_blocked, id=29664, stack(0x0000009096a00000,0x0000009096b00000) (1024K)]
  0x00000251c8cf7830 JavaThread "Build operations Thread 9"         [_thread_blocked, id=18864, stack(0x0000009096b00000,0x0000009096c00000) (1024K)]
  0x00000251c8cfaee0 JavaThread "Build operations Thread 10"        [_thread_blocked, id=25008, stack(0x0000009096c00000,0x0000009096d00000) (1024K)]
  0x00000251c8cf8000 JavaThread "Build operations Thread 11"        [_thread_blocked, id=7512, stack(0x0000009096d00000,0x0000009096e00000) (1024K)]
  0x00000251c8cfbe80 JavaThread "Build operations Thread 12"        [_thread_blocked, id=13852, stack(0x0000009096e00000,0x0000009096f00000) (1024K)]
  0x00000251c8cfce20 JavaThread "jar transforms Thread 4"           [_thread_blocked, id=4968, stack(0x0000009096f00000,0x0000009097000000) (1024K)]
  0x00000251c8cfddc0 JavaThread "jar transforms Thread 5"           [_thread_blocked, id=30052, stack(0x0000009097000000,0x0000009097100000) (1024K)]
  0x00000251ca80a620 JavaThread "jar transforms Thread 6"           [_thread_blocked, id=29460, stack(0x0000009097100000,0x0000009097200000) (1024K)]
  0x00000251ca809680 JavaThread "jar transforms Thread 7"           [_thread_blocked, id=30620, stack(0x0000009097200000,0x0000009097300000) (1024K)]
  0x00000251ca809e50 JavaThread "jar transforms Thread 8"           [_thread_blocked, id=2952, stack(0x0000009097300000,0x0000009097400000) (1024K)]
  0x00000251ca80e4a0 JavaThread "Configuration cache report writer"        [_thread_blocked, id=33428, stack(0x0000009097500000,0x0000009097600000) (1024K)]
  0x00000251c8c1f000 JavaThread "build event listener"              [_thread_blocked, id=3000, stack(0x0000009092b00000,0x0000009092c00000) (1024K)]
  0x00000251c8c20f40 JavaThread "Memory manager"                    [_thread_blocked, id=27660, stack(0x0000009097600000,0x0000009097700000) (1024K)]
  0x00000251c8c1e060 JavaThread "build event listener"              [_thread_blocked, id=18732, stack(0x0000009097700000,0x0000009097800000) (1024K)]
  0x00000251cb916590 JavaThread "Exec process"                      [_thread_blocked, id=19140, stack(0x0000009097900000,0x0000009097a00000) (1024K)]
  0x00000251cb9155f0 JavaThread "Exec process Thread 2"             [_thread_blocked, id=26780, stack(0x0000009097a00000,0x0000009097b00000) (1024K)]
  0x00000251cb912ee0 JavaThread "Exec process Thread 3"             [_thread_blocked, id=14500, stack(0x0000009097b00000,0x0000009097c00000) (1024K)]
  0x00000251cb918ca0 JavaThread "included builds"                   [_thread_blocked, id=30852, stack(0x0000009092d00000,0x0000009092e00000) (1024K)]
  0x00000251cb91a410 JavaThread "Execution worker"                  [_thread_blocked, id=7308, stack(0x0000009097c00000,0x0000009097d00000) (1024K)]
  0x00000251cb91bb80 JavaThread "Execution worker Thread 2"         [_thread_blocked, id=27776, stack(0x0000009097d00000,0x0000009097e00000) (1024K)]
  0x00000251cb91e290 JavaThread "Execution worker Thread 3"         [_thread_blocked, id=17020, stack(0x0000009097e00000,0x0000009097f00000) (1024K)]
  0x00000251cb91dac0 JavaThread "Execution worker Thread 4"         [_thread_blocked, id=19576, stack(0x0000009097f00000,0x0000009098000000) (1024K)]
  0x00000251cb91d2f0 JavaThread "Execution worker Thread 5"         [_thread_blocked, id=16632, stack(0x0000009098000000,0x0000009098100000) (1024K)]
  0x00000251cb91fa00 JavaThread "Execution worker Thread 6"         [_thread_blocked, id=33728, stack(0x0000009098100000,0x0000009098200000) (1024K)]
  0x00000251cb91f230 JavaThread "Execution worker Thread 7"         [_thread_blocked, id=29064, stack(0x0000009098200000,0x0000009098300000) (1024K)]
  0x00000251cb9201d0 JavaThread "Execution worker Thread 8"         [_thread_blocked, id=1744, stack(0x0000009098300000,0x0000009098400000) (1024K)]
  0x00000251cbc9a6c0 JavaThread "Execution worker Thread 9"         [_thread_blocked, id=27948, stack(0x0000009098400000,0x0000009098500000) (1024K)]
  0x00000251cbc98f50 JavaThread "Execution worker Thread 10"        [_thread_blocked, id=31608, stack(0x0000009098500000,0x0000009098600000) (1024K)]
  0x00000251cbc99ef0 JavaThread "Execution worker Thread 11"        [_thread_blocked, id=31472, stack(0x0000009098600000,0x0000009098700000) (1024K)]
  0x00000251cbc9c600 JavaThread "Cache worker for execution history cache (C:\Users\iffeH\AndroidStudioProjects\LifeCycle_V6\.gradle\9.5.0\executionHistory)"        [_thread_blocked, id=33112, stack(0x0000009098700000,0x0000009098800000) (1024K)]
  0x00000251cbc9ed10 JavaThread "WorkerExecutor Queue"              [_thread_blocked, id=25504, stack(0x0000009098800000,0x0000009098900000) (1024K)]
  0x00000251cbc9f4e0 JavaThread "WorkerExecutor Queue Thread 2"        [_thread_blocked, id=496, stack(0x0000009098900000,0x0000009098a00000) (1024K)]
  0x00000251cbc9fcb0 JavaThread "ForkJoinPool-1-worker-1"    daemon [_thread_blocked, id=27032, stack(0x0000009098b00000,0x0000009098c00000) (1024K)]
  0x00000251cbca2b90 JavaThread "ForkJoinPool-1-worker-2"    daemon [_thread_blocked, id=3300, stack(0x0000009098c00000,0x0000009098d00000) (1024K)]
  0x00000251cbca3b30 JavaThread "ForkJoinPool-1-worker-3"    daemon [_thread_blocked, id=11704, stack(0x0000009098d00000,0x0000009098e00000) (1024K)]
  0x00000251cbca4ad0 JavaThread "ForkJoinPool-1-worker-4"    daemon [_thread_blocked, id=26704, stack(0x0000009098e00000,0x0000009098f00000) (1024K)]
  0x00000251cbca5a70 JavaThread "ForkJoinPool-1-worker-5"    daemon [_thread_blocked, id=15420, stack(0x0000009098f00000,0x0000009099000000) (1024K)]
  0x00000251cbca6240 JavaThread "ForkJoinPool-1-worker-6"    daemon [_thread_blocked, id=32040, stack(0x0000009099000000,0x0000009099100000) (1024K)]
  0x00000251cb91b3b0 JavaThread "ForkJoinPool-1-worker-7"    daemon [_thread_blocked, id=21304, stack(0x0000009099100000,0x0000009099200000) (1024K)]
  0x00000251cc601ca0 JavaThread "ForkJoinPool-1-worker-8"    daemon [_thread_blocked, id=23268, stack(0x0000009099200000,0x0000009099300000) (1024K)]
  0x00000251cc5fedc0 JavaThread "ForkJoinPool-1-worker-9"    daemon [_thread_blocked, id=18644, stack(0x0000009099300000,0x0000009099400000) (1024K)]
  0x00000251cc602c40 JavaThread "ForkJoinPool-1-worker-10"   daemon [_thread_blocked, id=9172, stack(0x0000009099400000,0x0000009099500000) (1024K)]
  0x00000251cc603410 JavaThread "ForkJoinPool-1-worker-11"   daemon [_thread_blocked, id=10428, stack(0x0000009099500000,0x0000009099600000) (1024K)]
  0x00000251cc600d00 JavaThread "ForkJoinPool-1-worker-12"   daemon [_thread_blocked, id=17776, stack(0x0000009099600000,0x0000009099700000) (1024K)]
Total: 86

Other Threads:
=>0x00000251c1fa0790 VMThread "VM Thread"                           [id=20940, stack(0x0000009093500000,0x0000009093600000) (1024K)]
  0x00000251c1f5cbf0 WatcherThread "VM Periodic Task Thread"        [id=30744, stack(0x0000009093400000,0x0000009093500000) (1024K)]
  0x00000251a826ac70 WorkerThread "GC Thread#0"                     [id=9908, stack(0x0000009092f00000,0x0000009093000000) (1024K)]
  0x00000251c781b630 WorkerThread "GC Thread#1"                     [id=5444, stack(0x0000009094000000,0x0000009094100000) (1024K)]
  0x00000251c777a720 WorkerThread "GC Thread#2"                     [id=25548, stack(0x0000009094100000,0x0000009094200000) (1024K)]
  0x00000251c777af60 WorkerThread "GC Thread#3"                     [id=4972, stack(0x0000009094200000,0x0000009094300000) (1024K)]
  0x00000251c777b390 WorkerThread "GC Thread#4"                     [id=6728, stack(0x0000009094300000,0x0000009094400000) (1024K)]
  0x00000251c7792190 WorkerThread "GC Thread#5"                     [id=4148, stack(0x0000009094400000,0x0000009094500000) (1024K)]
  0x00000251c7b2e1e0 WorkerThread "GC Thread#6"                     [id=3864, stack(0x0000009094c00000,0x0000009094d00000) (1024K)]
  0x00000251c7b2d4f0 WorkerThread "GC Thread#7"                     [id=20532, stack(0x0000009094d00000,0x0000009094e00000) (1024K)]
  0x00000251c7b2d0a0 WorkerThread "GC Thread#8"                     [id=6084, stack(0x0000009094e00000,0x0000009094f00000) (1024K)]
  0x00000251c7b2dd90 WorkerThread "GC Thread#9"                     [id=22820, stack(0x0000009094f00000,0x0000009095000000) (1024K)]
  0x00000251a8284350 ConcurrentGCThread "G1 Main Marker"            [id=30012, stack(0x0000009093000000,0x0000009093100000) (1024K)]
  0x00000251a8285bd0 WorkerThread "G1 Conc#0"                       [id=32832, stack(0x0000009093100000,0x0000009093200000) (1024K)]
  0x00000251c7b2e630 WorkerThread "G1 Conc#1"                       [id=19408, stack(0x0000009095000000,0x0000009095100000) (1024K)]
  0x00000251c7b2fbc0 WorkerThread "G1 Conc#2"                       [id=13268, stack(0x0000009095100000,0x0000009095200000) (1024K)]
  0x00000251c1e2fd40 ConcurrentGCThread "G1 Refine#0"               [id=12960, stack(0x0000009093200000,0x0000009093300000) (1024K)]
  0x00000251c1e30750 ConcurrentGCThread "G1 Service"                [id=6796, stack(0x0000009093300000,0x0000009093400000) (1024K)]
Total: 18

Threads with active compile tasks:
C2 CompilerThread0  68656 16658 %     4       com.android.tools.r8.internal.dv::a @ 12 (157 bytes)
Total: 1

VM state: at safepoint (normal execution)

VM Mutex/Monitor currently owned by a thread:  ([mutex/lock_event])
[0x00007fff16884698] Threads_lock - owner thread: 0x00000251c1fa0790
[0x00007fff16884818] Heap_lock - owner thread: 0x00000251cc600d00

Heap address: 0x0000000080000000, size: 2048 MB, Compressed Oops mode: 32-bit

CDS archive(s) not mapped
Compressed class space mapped at: 0x0000000020000000-0x0000000060000000, reserved size: 1073741824
UseCompressedClassPointers 1, UseCompactObjectHeaders 0
Narrow klass pointer bits 32, Max shift 3
Narrow klass base: 0x0000000000000000, Narrow klass shift: 0
Encoding Range: [0x0000000000000000 - 0x0000000100000000), (4294967296 bytes)
Klass Range:    [0x0000000020000000 - 0x0000000060000000), (1073741824 bytes)
Klass ID Range:  [536870912 - 1610612729) (1073741817)
No protection zone.

GC Precious Log:
 CardTable entry size: 512
 Card Set container configuration: InlinePtr #cards 5 size 8 Array Of Cards #cards 10 size 36 Howl #buckets 4 coarsen threshold 1843 Howl Bitmap #cards 512 size 80 coarsen threshold 460 Card regions per heap region 1 cards per card region 2048
 CPUs: 12 total, 12 available
 Memory: 5981M
 Large Page Support: Disabled
 NUMA Support: Disabled
 Compressed Oops: Enabled (32-bit)
 Heap Region Size: 1M
 Heap Min Capacity: 8M
 Heap Initial Capacity: 94M
 Heap Max Capacity: 2G
 Pre-touch: Disabled
 Parallel Workers: 10
 Concurrent Workers: 3
 Concurrent Refinement Workers: 10
 Periodic GC: Disabled

Heap:
 garbage-first heap   total reserved 2097152K, committed 285696K, used 182718K [0x0000000080000000, 0x0000000100000000)
  region size 1024K, 2 young (2048K), 2 survivors (2048K)

Heap Regions: E=young(eden), S=young(survivor), O=old, HS=humongous(starts), HC=humongous(continues), CS=collection set, F=free, TAMS=top-at-mark-start, PB=parsable bottom
|   0|0x0000000080000000, 0x0000000080100000, 0x0000000080100000|100%|HS|  |TAMS 0x0000000080100000| PB 0x0000000080000000| Complete |  0
|   1|0x0000000080100000, 0x0000000080200000, 0x0000000080200000|100%|HC|  |TAMS 0x0000000080200000| PB 0x0000000080100000| Complete |  0
|   2|0x0000000080200000, 0x0000000080300000, 0x0000000080300000|100%|HC|  |TAMS 0x0000000080300000| PB 0x0000000080200000| Complete |  0
|   3|0x0000000080300000, 0x0000000080400000, 0x0000000080400000|100%|HC|  |TAMS 0x0000000080400000| PB 0x0000000080300000| Complete |  0
|   4|0x0000000080400000, 0x0000000080500000, 0x0000000080500000|100%| O|  |TAMS 0x0000000080500000| PB 0x0000000080400000| Untracked |  0
|   5|0x0000000080500000, 0x0000000080600000, 0x0000000080600000|100%| O|  |TAMS 0x0000000080600000| PB 0x0000000080500000| Untracked |  0
|   6|0x0000000080600000, 0x0000000080700000, 0x0000000080700000|100%| O|  |TAMS 0x0000000080700000| PB 0x0000000080600000| Untracked |  0
|   7|0x0000000080700000, 0x0000000080800000, 0x0000000080800000|100%|HS|  |TAMS 0x0000000080800000| PB 0x0000000080700000| Complete |  0
|   8|0x0000000080800000, 0x0000000080900000, 0x0000000080900000|100%| O|  |TAMS 0x0000000080900000| PB 0x0000000080800000| Untracked |  0
|   9|0x0000000080900000, 0x0000000080a00000, 0x0000000080a00000|100%| O|  |TAMS 0x0000000080a00000| PB 0x0000000080900000| Untracked |  0
|  10|0x0000000080a00000, 0x0000000080b00000, 0x0000000080b00000|100%| O|  |TAMS 0x0000000080b00000| PB 0x0000000080a00000| Untracked |  0
|  11|0x0000000080b00000, 0x0000000080c00000, 0x0000000080c00000|100%| O|  |TAMS 0x0000000080c00000| PB 0x0000000080b00000| Untracked |  0
|  12|0x0000000080c00000, 0x0000000080d00000, 0x0000000080d00000|100%| O|  |TAMS 0x0000000080d00000| PB 0x0000000080c00000| Untracked |  0
|  13|0x0000000080d00000, 0x0000000080e00000, 0x0000000080e00000|100%| O|  |TAMS 0x0000000080e00000| PB 0x0000000080d00000| Untracked |  0
|  14|0x0000000080e00000, 0x0000000080f00000, 0x0000000080f00000|100%| O|  |TAMS 0x0000000080f00000| PB 0x0000000080e00000| Untracked |  0
|  15|0x0000000080f00000, 0x0000000081000000, 0x0000000081000000|100%| O|  |TAMS 0x0000000081000000| PB 0x0000000080f00000| Untracked |  0
|  16|0x0000000081000000, 0x0000000081100000, 0x0000000081100000|100%| O|  |TAMS 0x0000000081100000| PB 0x0000000081000000| Untracked |  0
|  17|0x0000000081100000, 0x0000000081200000, 0x0000000081200000|100%| O|  |TAMS 0x0000000081200000| PB 0x0000000081100000| Untracked |  0
|  18|0x0000000081200000, 0x0000000081300000, 0x0000000081300000|100%| O|  |TAMS 0x0000000081300000| PB 0x0000000081200000| Untracked |  0
|  19|0x0000000081300000, 0x0000000081400000, 0x0000000081400000|100%| O|  |TAMS 0x0000000081400000| PB 0x0000000081300000| Untracked |  0
|  20|0x0000000081400000, 0x0000000081500000, 0x0000000081500000|100%| O|  |TAMS 0x0000000081500000| PB 0x0000000081400000| Untracked |  0
|  21|0x0000000081500000, 0x0000000081600000, 0x0000000081600000|100%| O|  |TAMS 0x0000000081600000| PB 0x0000000081500000| Untracked |  0
|  22|0x0000000081600000, 0x0000000081700000, 0x0000000081700000|100%| O|  |TAMS 0x0000000081700000| PB 0x0000000081600000| Untracked |  0
|  23|0x0000000081700000, 0x0000000081800000, 0x0000000081800000|100%| O|  |TAMS 0x0000000081800000| PB 0x0000000081700000| Untracked |  0
|  24|0x0000000081800000, 0x0000000081900000, 0x0000000081900000|100%| O|  |TAMS 0x0000000081900000| PB 0x0000000081800000| Untracked |  0
|  25|0x0000000081900000, 0x0000000081a00000, 0x0000000081a00000|100%| O|  |TAMS 0x0000000081a00000| PB 0x0000000081900000| Untracked |  0
|  26|0x0000000081a00000, 0x0000000081b00000, 0x0000000081b00000|100%| O|  |TAMS 0x0000000081b00000| PB 0x0000000081a00000| Untracked |  0
|  27|0x0000000081b00000, 0x0000000081c00000, 0x0000000081c00000|100%| O|  |TAMS 0x0000000081c00000| PB 0x0000000081b00000| Untracked |  0
|  28|0x0000000081c00000, 0x0000000081d00000, 0x0000000081d00000|100%| O|  |TAMS 0x0000000081d00000| PB 0x0000000081c00000| Untracked |  0
|  29|0x0000000081d00000, 0x0000000081e00000, 0x0000000081e00000|100%| O|  |TAMS 0x0000000081e00000| PB 0x0000000081d00000| Untracked |  0
|  30|0x0000000081e00000, 0x0000000081f00000, 0x0000000081f00000|100%| O|  |TAMS 0x0000000081f00000| PB 0x0000000081e00000| Untracked |  0
|  31|0x0000000081f00000, 0x0000000082000000, 0x0000000082000000|100%| O|  |TAMS 0x0000000082000000| PB 0x0000000081f00000| Untracked |  0
|  32|0x0000000082000000, 0x0000000082100000, 0x0000000082100000|100%| O|  |TAMS 0x0000000082100000| PB 0x0000000082000000| Untracked |  0
|  33|0x0000000082100000, 0x0000000082200000, 0x0000000082200000|100%| O|  |TAMS 0x0000000082200000| PB 0x0000000082100000| Untracked |  0
|  34|0x0000000082200000, 0x0000000082300000, 0x0000000082300000|100%| O|  |TAMS 0x0000000082300000| PB 0x0000000082200000| Untracked |  0
|  35|0x0000000082300000, 0x0000000082400000, 0x0000000082400000|100%| O|  |TAMS 0x0000000082400000| PB 0x0000000082300000| Untracked |  0
|  36|0x0000000082400000, 0x0000000082500000, 0x0000000082500000|100%| O|  |TAMS 0x0000000082500000| PB 0x0000000082400000| Untracked |  0
|  37|0x0000000082500000, 0x0000000082600000, 0x0000000082600000|100%| O|  |TAMS 0x0000000082600000| PB 0x0000000082500000| Untracked |  0
|  38|0x0000000082600000, 0x0000000082700000, 0x0000000082700000|100%| O|  |TAMS 0x0000000082700000| PB 0x0000000082600000| Untracked |  0
|  39|0x0000000082700000, 0x0000000082800000, 0x0000000082800000|100%| O|  |TAMS 0x0000000082800000| PB 0x0000000082700000| Untracked |  0
|  40|0x0000000082800000, 0x0000000082900000, 0x0000000082900000|100%| O|  |TAMS 0x0000000082900000| PB 0x0000000082800000| Untracked |  0
|  41|0x0000000082900000, 0x0000000082a00000, 0x0000000082a00000|100%| O|  |TAMS 0x0000000082a00000| PB 0x0000000082900000| Untracked |  0
|  42|0x0000000082a00000, 0x0000000082b00000, 0x0000000082b00000|100%| O|  |TAMS 0x0000000082b00000| PB 0x0000000082a00000| Untracked |  0
|  43|0x0000000082b00000, 0x0000000082c00000, 0x0000000082c00000|100%| O|  |TAMS 0x0000000082c00000| PB 0x0000000082b00000| Untracked |  0
|  44|0x0000000082c00000, 0x0000000082d00000, 0x0000000082d00000|100%| O|  |TAMS 0x0000000082d00000| PB 0x0000000082c00000| Untracked |  0
|  45|0x0000000082d00000, 0x0000000082e00000, 0x0000000082e00000|100%| O|  |TAMS 0x0000000082e00000| PB 0x0000000082d00000| Untracked |  0
|  46|0x0000000082e00000, 0x0000000082f00000, 0x0000000082f00000|100%| O|  |TAMS 0x0000000082f00000| PB 0x0000000082e00000| Untracked |  0
|  47|0x0000000082f00000, 0x0000000083000000, 0x0000000083000000|100%| O|  |TAMS 0x0000000083000000| PB 0x0000000082f00000| Untracked |  0
|  48|0x0000000083000000, 0x0000000083100000, 0x0000000083100000|100%| O|  |TAMS 0x0000000083100000| PB 0x0000000083000000| Untracked |  0
|  49|0x0000000083100000, 0x0000000083200000, 0x0000000083200000|100%| O|  |TAMS 0x0000000083200000| PB 0x0000000083100000| Untracked |  0
|  50|0x0000000083200000, 0x0000000083300000, 0x0000000083300000|100%|HS|  |TAMS 0x0000000083300000| PB 0x0000000083200000| Complete |  0
|  51|0x0000000083300000, 0x0000000083400000, 0x0000000083400000|100%| O|  |TAMS 0x0000000083400000| PB 0x0000000083300000| Untracked |  0
|  52|0x0000000083400000, 0x0000000083500000, 0x0000000083500000|100%| O|  |TAMS 0x0000000083500000| PB 0x0000000083400000| Untracked |  0
|  53|0x0000000083500000, 0x0000000083600000, 0x0000000083600000|100%| O|  |TAMS 0x0000000083600000| PB 0x0000000083500000| Untracked |  0
|  54|0x0000000083600000, 0x0000000083700000, 0x0000000083700000|100%|HS|  |TAMS 0x0000000083700000| PB 0x0000000083600000| Complete |  0
|  55|0x0000000083700000, 0x0000000083800000, 0x0000000083800000|100%| O|  |TAMS 0x0000000083800000| PB 0x0000000083700000| Untracked |  0
|  56|0x0000000083800000, 0x0000000083900000, 0x0000000083900000|100%|HS|  |TAMS 0x0000000083900000| PB 0x0000000083800000| Complete |  0
|  57|0x0000000083900000, 0x0000000083a00000, 0x0000000083a00000|100%|HC|  |TAMS 0x0000000083a00000| PB 0x0000000083900000| Complete |  0
|  58|0x0000000083a00000, 0x0000000083b00000, 0x0000000083b00000|100%|HS|  |TAMS 0x0000000083b00000| PB 0x0000000083a00000| Complete |  0
|  59|0x0000000083b00000, 0x0000000083c00000, 0x0000000083c00000|100%|HS|  |TAMS 0x0000000083c00000| PB 0x0000000083b00000| Complete |  0
|  60|0x0000000083c00000, 0x0000000083d00000, 0x0000000083d00000|100%|HS|  |TAMS 0x0000000083d00000| PB 0x0000000083c00000| Complete |  0
|  61|0x0000000083d00000, 0x0000000083e00000, 0x0000000083e00000|100%| O|  |TAMS 0x0000000083e00000| PB 0x0000000083d00000| Untracked |  0
|  62|0x0000000083e00000, 0x0000000083f00000, 0x0000000083f00000|100%|HS|  |TAMS 0x0000000083f00000| PB 0x0000000083e00000| Complete |  0
|  63|0x0000000083f00000, 0x0000000084000000, 0x0000000084000000|100%|HS|  |TAMS 0x0000000084000000| PB 0x0000000083f00000| Complete |  0
|  64|0x0000000084000000, 0x0000000084100000, 0x0000000084100000|100%|HS|  |TAMS 0x0000000084100000| PB 0x0000000084000000| Complete |  0
|  65|0x0000000084100000, 0x0000000084200000, 0x0000000084200000|100%| O|  |TAMS 0x0000000084200000| PB 0x0000000084100000| Untracked |  0
|  66|0x0000000084200000, 0x0000000084300000, 0x0000000084300000|100%| O|  |TAMS 0x0000000084300000| PB 0x0000000084200000| Untracked |  0
|  67|0x0000000084300000, 0x0000000084400000, 0x0000000084400000|100%| O|  |TAMS 0x0000000084400000| PB 0x0000000084300000| Untracked |  0
|  68|0x0000000084400000, 0x0000000084500000, 0x0000000084500000|100%| O|  |TAMS 0x0000000084500000| PB 0x0000000084400000| Untracked |  0
|  69|0x0000000084500000, 0x0000000084600000, 0x0000000084600000|100%| O|  |TAMS 0x0000000084600000| PB 0x0000000084500000| Untracked |  0
|  70|0x0000000084600000, 0x0000000084700000, 0x0000000084700000|100%|HS|  |TAMS 0x0000000084700000| PB 0x0000000084600000| Complete |  0
|  71|0x0000000084700000, 0x0000000084800000, 0x0000000084800000|100%|HC|  |TAMS 0x0000000084800000| PB 0x0000000084700000| Complete |  0
|  72|0x0000000084800000, 0x0000000084900000, 0x0000000084900000|100%| O|  |TAMS 0x0000000084900000| PB 0x0000000084800000| Untracked |  0
|  73|0x0000000084900000, 0x0000000084a00000, 0x0000000084a00000|100%| O|  |TAMS 0x0000000084a00000| PB 0x0000000084900000| Untracked |  0
|  74|0x0000000084a00000, 0x0000000084b00000, 0x0000000084b00000|100%| O|  |TAMS 0x0000000084b00000| PB 0x0000000084a00000| Untracked |  0
|  75|0x0000000084b00000, 0x0000000084c00000, 0x0000000084c00000|100%|HS|  |TAMS 0x0000000084c00000| PB 0x0000000084b00000| Complete |  0
|  76|0x0000000084c00000, 0x0000000084d00000, 0x0000000084d00000|100%| O|  |TAMS 0x0000000084d00000| PB 0x0000000084c00000| Untracked |  0
|  77|0x0000000084d00000, 0x0000000084e00000, 0x0000000084e00000|100%| O|  |TAMS 0x0000000084e00000| PB 0x0000000084d00000| Untracked |  0
|  78|0x0000000084e00000, 0x0000000084f00000, 0x0000000084f00000|100%| O|  |TAMS 0x0000000084e00000| PB 0x0000000084e00000| Untracked |  0
|  79|0x0000000084f00000, 0x0000000085000000, 0x0000000085000000|100%| O|  |TAMS 0x0000000085000000| PB 0x0000000084f00000| Untracked |  0
|  80|0x0000000085000000, 0x0000000085100000, 0x0000000085100000|100%| O|  |TAMS 0x0000000085100000| PB 0x0000000085000000| Untracked |  0
|  81|0x0000000085100000, 0x0000000085200000, 0x0000000085200000|100%| O|  |TAMS 0x0000000085200000| PB 0x0000000085100000| Untracked |  0
|  82|0x0000000085200000, 0x0000000085300000, 0x0000000085300000|100%| O|  |TAMS 0x0000000085300000| PB 0x0000000085200000| Untracked |  0
|  83|0x0000000085300000, 0x0000000085400000, 0x0000000085400000|100%| O|  |TAMS 0x0000000085400000| PB 0x0000000085300000| Untracked |  0
|  84|0x0000000085400000, 0x0000000085500000, 0x0000000085500000|100%| O|  |TAMS 0x0000000085500000| PB 0x0000000085400000| Untracked |  0
|  85|0x0000000085500000, 0x0000000085600000, 0x0000000085600000|100%| O|  |TAMS 0x0000000085600000| PB 0x0000000085500000| Untracked |  0
|  86|0x0000000085600000, 0x0000000085700000, 0x0000000085700000|100%| O|  |TAMS 0x0000000085700000| PB 0x0000000085600000| Untracked |  0
|  87|0x0000000085700000, 0x0000000085800000, 0x0000000085800000|100%| O|  |TAMS 0x0000000085800000| PB 0x0000000085700000| Untracked |  0
|  88|0x0000000085800000, 0x0000000085900000, 0x0000000085900000|100%| O|  |TAMS 0x0000000085900000| PB 0x0000000085800000| Untracked |  0
|  89|0x0000000085900000, 0x0000000085a00000, 0x0000000085a00000|100%| O|  |TAMS 0x0000000085a00000| PB 0x0000000085900000| Untracked |  0
|  90|0x0000000085a00000, 0x0000000085b00000, 0x0000000085b00000|100%| O|  |TAMS 0x0000000085b00000| PB 0x0000000085a00000| Untracked |  0
|  91|0x0000000085b00000, 0x0000000085c00000, 0x0000000085c00000|100%| O|  |TAMS 0x0000000085c00000| PB 0x0000000085b00000| Untracked |  0
|  92|0x0000000085c00000, 0x0000000085d00000, 0x0000000085d00000|100%| O|  |TAMS 0x0000000085d00000| PB 0x0000000085c00000| Untracked |  0
|  93|0x0000000085d00000, 0x0000000085e00000, 0x0000000085e00000|100%| O|  |TAMS 0x0000000085e00000| PB 0x0000000085d00000| Untracked |  0
|  94|0x0000000085e00000, 0x0000000085f00000, 0x0000000085f00000|100%| O|  |TAMS 0x0000000085f00000| PB 0x0000000085e00000| Untracked |  0
|  95|0x0000000085f00000, 0x0000000086000000, 0x0000000086000000|100%| O|  |TAMS 0x0000000086000000| PB 0x0000000085f00000| Untracked |  0
|  96|0x0000000086000000, 0x0000000086100000, 0x0000000086100000|100%| O|  |TAMS 0x0000000086100000| PB 0x0000000086000000| Untracked |  0
|  97|0x0000000086100000, 0x0000000086200000, 0x0000000086200000|100%| O|  |TAMS 0x0000000086200000| PB 0x0000000086100000| Untracked |  0
|  98|0x0000000086200000, 0x0000000086300000, 0x0000000086300000|100%| O|  |TAMS 0x0000000086300000| PB 0x0000000086200000| Untracked |  0
|  99|0x0000000086300000, 0x0000000086400000, 0x0000000086400000|100%| O|  |TAMS 0x0000000086400000| PB 0x0000000086300000| Untracked |  0
| 100|0x0000000086400000, 0x0000000086500000, 0x0000000086500000|100%| O|  |TAMS 0x0000000086500000| PB 0x0000000086400000| Untracked |  0
| 101|0x0000000086500000, 0x0000000086600000, 0x0000000086600000|100%| O|  |TAMS 0x0000000086600000| PB 0x0000000086500000| Untracked |  0
| 102|0x0000000086600000, 0x0000000086700000, 0x0000000086700000|100%| O|  |TAMS 0x0000000086700000| PB 0x0000000086600000| Untracked |  0
| 103|0x0000000086700000, 0x0000000086800000, 0x0000000086800000|100%| O|  |TAMS 0x0000000086800000| PB 0x0000000086700000| Untracked |  0
| 104|0x0000000086800000, 0x0000000086900000, 0x0000000086900000|100%| O|  |TAMS 0x0000000086800000| PB 0x0000000086800000| Untracked |  0
| 105|0x0000000086900000, 0x0000000086a00000, 0x0000000086a00000|100%| O|  |TAMS 0x0000000086a00000| PB 0x0000000086900000| Untracked |  0
| 106|0x0000000086a00000, 0x0000000086b00000, 0x0000000086b00000|100%| O|  |TAMS 0x0000000086b00000| PB 0x0000000086a00000| Untracked |  0
| 107|0x0000000086b00000, 0x0000000086c00000, 0x0000000086c00000|100%|HS|  |TAMS 0x0000000086c00000| PB 0x0000000086b00000| Complete |  0
| 108|0x0000000086c00000, 0x0000000086d00000, 0x0000000086d00000|100%|HC|  |TAMS 0x0000000086d00000| PB 0x0000000086c00000| Complete |  0
| 109|0x0000000086d00000, 0x0000000086e00000, 0x0000000086e00000|100%| O|  |TAMS 0x0000000086d00000| PB 0x0000000086d00000| Untracked |  0
| 110|0x0000000086e00000, 0x0000000086f00000, 0x0000000086f00000|100%| O|  |TAMS 0x0000000086f00000| PB 0x0000000086e00000| Untracked |  0
| 111|0x0000000086f00000, 0x0000000087000000, 0x0000000087000000|100%| O|  |TAMS 0x0000000087000000| PB 0x0000000086f00000| Untracked |  0
| 112|0x0000000087000000, 0x0000000087100000, 0x0000000087100000|100%| O|  |TAMS 0x0000000087100000| PB 0x0000000087000000| Untracked |  0
| 113|0x0000000087100000, 0x0000000087200000, 0x0000000087200000|100%| O|  |TAMS 0x0000000087200000| PB 0x0000000087100000| Untracked |  0
| 114|0x0000000087200000, 0x0000000087300000, 0x0000000087300000|100%| O|  |TAMS 0x0000000087300000| PB 0x0000000087200000| Untracked |  0
| 115|0x0000000087300000, 0x0000000087400000, 0x0000000087400000|100%| O|  |TAMS 0x0000000087400000| PB 0x0000000087300000| Untracked |  0
| 116|0x0000000087400000, 0x0000000087500000, 0x0000000087500000|100%| O|  |TAMS 0x0000000087500000| PB 0x0000000087400000| Untracked |  0
| 117|0x0000000087500000, 0x0000000087600000, 0x0000000087600000|100%| O|  |TAMS 0x0000000087600000| PB 0x0000000087500000| Untracked |  0
| 118|0x0000000087600000, 0x0000000087700000, 0x0000000087700000|100%| O|  |TAMS 0x0000000087700000| PB 0x0000000087600000| Untracked |  0
| 119|0x0000000087700000, 0x0000000087800000, 0x0000000087800000|100%| O|  |TAMS 0x0000000087800000| PB 0x0000000087700000| Untracked |  0
| 120|0x0000000087800000, 0x0000000087900000, 0x0000000087900000|100%| O|  |TAMS 0x0000000087900000| PB 0x0000000087800000| Untracked |  0
| 121|0x0000000087900000, 0x0000000087a00000, 0x0000000087a00000|100%| O|  |TAMS 0x0000000087a00000| PB 0x0000000087900000| Untracked |  0
| 122|0x0000000087a00000, 0x0000000087b00000, 0x0000000087b00000|100%| O|  |TAMS 0x0000000087b00000| PB 0x0000000087a00000| Untracked |  0
| 123|0x0000000087b00000, 0x0000000087c00000, 0x0000000087c00000|100%| O|  |TAMS 0x0000000087c00000| PB 0x0000000087b00000| Untracked |  0
| 124|0x0000000087c00000, 0x0000000087d00000, 0x0000000087d00000|100%| O|  |TAMS 0x0000000087d00000| PB 0x0000000087c00000| Untracked |  0
| 125|0x0000000087d00000, 0x0000000087e00000, 0x0000000087e00000|100%| O|  |TAMS 0x0000000087e00000| PB 0x0000000087d00000| Untracked |  0
| 126|0x0000000087e00000, 0x0000000087f00000, 0x0000000087f00000|100%| O|  |TAMS 0x0000000087f00000| PB 0x0000000087e00000| Untracked |  0
| 127|0x0000000087f00000, 0x0000000088000000, 0x0000000088000000|100%| O|  |TAMS 0x0000000088000000| PB 0x0000000087f00000| Untracked |  0
| 128|0x0000000088000000, 0x0000000088100000, 0x0000000088100000|100%| O|  |TAMS 0x0000000088100000| PB 0x0000000088000000| Untracked |  0
| 129|0x0000000088100000, 0x0000000088200000, 0x0000000088200000|100%| O|  |TAMS 0x0000000088200000| PB 0x0000000088100000| Untracked |  0
| 130|0x0000000088200000, 0x0000000088300000, 0x0000000088300000|100%| O|  |TAMS 0x0000000088228010| PB 0x0000000088200000| Untracked |  0
| 131|0x0000000088300000, 0x0000000088400000, 0x0000000088400000|100%| O|  |TAMS 0x0000000088300000| PB 0x0000000088300000| Untracked |  0
| 132|0x0000000088400000, 0x0000000088500000, 0x0000000088500000|100%| O|  |TAMS 0x0000000088500000| PB 0x0000000088400000| Untracked |  0
| 133|0x0000000088500000, 0x0000000088600000, 0x0000000088600000|100%| O|  |TAMS 0x0000000088600000| PB 0x0000000088500000| Untracked |  0
| 134|0x0000000088600000, 0x0000000088700000, 0x0000000088700000|100%| O|  |TAMS 0x0000000088700000| PB 0x0000000088600000| Untracked |  0
| 135|0x0000000088700000, 0x0000000088800000, 0x0000000088800000|100%| O|  |TAMS 0x0000000088800000| PB 0x0000000088700000| Untracked |  0
| 136|0x0000000088800000, 0x0000000088900000, 0x0000000088900000|100%| O|  |TAMS 0x0000000088900000| PB 0x0000000088800000| Untracked |  0
| 137|0x0000000088900000, 0x0000000088a00000, 0x0000000088a00000|100%| O|  |TAMS 0x0000000088900000| PB 0x0000000088900000| Untracked |  0
| 138|0x0000000088a00000, 0x0000000088b00000, 0x0000000088b00000|100%| O|  |TAMS 0x0000000088a00000| PB 0x0000000088a00000| Untracked |  0
| 139|0x0000000088b00000, 0x0000000088c00000, 0x0000000088c00000|100%| O|  |TAMS 0x0000000088b00000| PB 0x0000000088b00000| Untracked |  0
| 140|0x0000000088c00000, 0x0000000088d00000, 0x0000000088d00000|100%| O|  |TAMS 0x0000000088c00000| PB 0x0000000088c00000| Untracked |  0
| 141|0x0000000088d00000, 0x0000000088e00000, 0x0000000088e00000|100%| O|  |TAMS 0x0000000088d00000| PB 0x0000000088d00000| Untracked |  0
| 142|0x0000000088e00000, 0x0000000088f00000, 0x0000000088f00000|100%| O|  |TAMS 0x0000000088e00000| PB 0x0000000088e00000| Untracked |  0
| 143|0x0000000088f00000, 0x0000000089000000, 0x0000000089000000|100%| O|  |TAMS 0x0000000088f00000| PB 0x0000000088f00000| Untracked |  0
| 144|0x0000000089000000, 0x0000000089100000, 0x0000000089100000|100%| O|  |TAMS 0x0000000089000000| PB 0x0000000089000000| Untracked |  0
| 145|0x0000000089100000, 0x0000000089200000, 0x0000000089200000|100%| O|  |TAMS 0x0000000089100000| PB 0x0000000089100000| Untracked |  0
| 146|0x0000000089200000, 0x0000000089300000, 0x0000000089300000|100%| O|  |TAMS 0x0000000089200000| PB 0x0000000089200000| Untracked |  0
| 147|0x0000000089300000, 0x0000000089400000, 0x0000000089400000|100%| O|  |TAMS 0x0000000089300000| PB 0x0000000089300000| Untracked |  0
| 148|0x0000000089400000, 0x0000000089500000, 0x0000000089500000|100%| O|  |TAMS 0x0000000089400000| PB 0x0000000089400000| Untracked |  0
| 149|0x0000000089500000, 0x0000000089600000, 0x0000000089600000|100%| O|  |TAMS 0x0000000089500000| PB 0x0000000089500000| Untracked |  0
| 150|0x0000000089600000, 0x0000000089700000, 0x0000000089700000|100%| O|  |TAMS 0x0000000089600000| PB 0x0000000089600000| Untracked |  0
| 151|0x0000000089700000, 0x0000000089800000, 0x0000000089800000|100%| O|  |TAMS 0x0000000089700000| PB 0x0000000089700000| Untracked |  0
| 152|0x0000000089800000, 0x0000000089900000, 0x0000000089900000|100%| O|  |TAMS 0x0000000089800000| PB 0x0000000089800000| Untracked |  0
| 153|0x0000000089900000, 0x0000000089a00000, 0x0000000089a00000|100%| O|  |TAMS 0x0000000089900000| PB 0x0000000089900000| Untracked |  0
| 154|0x0000000089a00000, 0x0000000089b00000, 0x0000000089b00000|100%| O|  |TAMS 0x0000000089a00000| PB 0x0000000089a00000| Untracked |  0
| 155|0x0000000089b00000, 0x0000000089c00000, 0x0000000089c00000|100%| O|  |TAMS 0x0000000089b00000| PB 0x0000000089b00000| Untracked |  0
| 156|0x0000000089c00000, 0x0000000089d00000, 0x0000000089d00000|100%| O|  |TAMS 0x0000000089c00000| PB 0x0000000089c00000| Untracked |  0
| 157|0x0000000089d00000, 0x0000000089e00000, 0x0000000089e00000|100%| O|  |TAMS 0x0000000089d00000| PB 0x0000000089d00000| Untracked |  0
| 158|0x0000000089e00000, 0x0000000089f00000, 0x0000000089f00000|100%| O|  |TAMS 0x0000000089e00000| PB 0x0000000089e00000| Untracked |  0
| 159|0x0000000089f00000, 0x000000008a000000, 0x000000008a000000|100%| O|  |TAMS 0x0000000089f00000| PB 0x0000000089f00000| Untracked |  0
| 160|0x000000008a000000, 0x000000008a100000, 0x000000008a100000|100%|HS|  |TAMS 0x000000008a000000| PB 0x000000008a000000| Complete |  0
| 161|0x000000008a100000, 0x000000008a200000, 0x000000008a200000|100%| O|  |TAMS 0x000000008a100000| PB 0x000000008a100000| Untracked |  0
| 162|0x000000008a200000, 0x000000008a300000, 0x000000008a300000|100%| O|  |TAMS 0x000000008a200000| PB 0x000000008a200000| Untracked |  0
| 163|0x000000008a300000, 0x000000008a400000, 0x000000008a400000|100%| O|  |TAMS 0x000000008a300000| PB 0x000000008a300000| Untracked |  0
| 164|0x000000008a400000, 0x000000008a46f9a8, 0x000000008a500000| 43%| O|  |TAMS 0x000000008a400000| PB 0x000000008a400000| Untracked |  0
| 165|0x000000008a500000, 0x000000008a500000, 0x000000008a600000|  0%| F|  |TAMS 0x000000008a500000| PB 0x000000008a500000| Untracked |  0
| 166|0x000000008a600000, 0x000000008a600000, 0x000000008a700000|  0%| F|  |TAMS 0x000000008a600000| PB 0x000000008a600000| Untracked |  0
| 167|0x000000008a700000, 0x000000008a700000, 0x000000008a800000|  0%| F|  |TAMS 0x000000008a700000| PB 0x000000008a700000| Untracked |  0
| 168|0x000000008a800000, 0x000000008a800000, 0x000000008a900000|  0%| F|  |TAMS 0x000000008a800000| PB 0x000000008a800000| Untracked |  0
| 169|0x000000008a900000, 0x000000008a900000, 0x000000008aa00000|  0%| F|  |TAMS 0x000000008a900000| PB 0x000000008a900000| Untracked |  0
| 170|0x000000008aa00000, 0x000000008aa00000, 0x000000008ab00000|  0%| F|  |TAMS 0x000000008aa00000| PB 0x000000008aa00000| Untracked |  0
| 171|0x000000008ab00000, 0x000000008ab00000, 0x000000008ac00000|  0%| F|  |TAMS 0x000000008ab00000| PB 0x000000008ab00000| Untracked |  0
| 172|0x000000008ac00000, 0x000000008ac00000, 0x000000008ad00000|  0%| F|  |TAMS 0x000000008ac00000| PB 0x000000008ac00000| Untracked |  0
| 173|0x000000008ad00000, 0x000000008ad00000, 0x000000008ae00000|  0%| F|  |TAMS 0x000000008ad00000| PB 0x000000008ad00000| Untracked |  0
| 174|0x000000008ae00000, 0x000000008ae00000, 0x000000008af00000|  0%| F|  |TAMS 0x000000008ae00000| PB 0x000000008ae00000| Untracked |  0
| 175|0x000000008af00000, 0x000000008af00000, 0x000000008b000000|  0%| F|  |TAMS 0x000000008af00000| PB 0x000000008af00000| Untracked |  0
| 176|0x000000008b000000, 0x000000008b000000, 0x000000008b100000|  0%| F|  |TAMS 0x000000008b000000| PB 0x000000008b000000| Untracked |  0
| 177|0x000000008b100000, 0x000000008b100000, 0x000000008b200000|  0%| F|  |TAMS 0x000000008b100000| PB 0x000000008b100000| Untracked |  0
| 178|0x000000008b200000, 0x000000008b200000, 0x000000008b300000|  0%| F|  |TAMS 0x000000008b200000| PB 0x000000008b200000| Untracked |  0
| 179|0x000000008b300000, 0x000000008b300000, 0x000000008b400000|  0%| F|  |TAMS 0x000000008b300000| PB 0x000000008b300000| Untracked |  0
| 180|0x000000008b400000, 0x000000008b400000, 0x000000008b500000|  0%| F|  |TAMS 0x000000008b400000| PB 0x000000008b400000| Untracked |  0
| 181|0x000000008b500000, 0x000000008b500000, 0x000000008b600000|  0%| F|  |TAMS 0x000000008b500000| PB 0x000000008b500000| Untracked |  0
| 182|0x000000008b600000, 0x000000008b600000, 0x000000008b700000|  0%| F|  |TAMS 0x000000008b600000| PB 0x000000008b600000| Untracked |  0
| 183|0x000000008b700000, 0x000000008b700000, 0x000000008b800000|  0%| F|  |TAMS 0x000000008b700000| PB 0x000000008b700000| Untracked |  0
| 184|0x000000008b800000, 0x000000008b800000, 0x000000008b900000|  0%| F|  |TAMS 0x000000008b800000| PB 0x000000008b800000| Untracked |  0
| 185|0x000000008b900000, 0x000000008b900000, 0x000000008ba00000|  0%| F|  |TAMS 0x000000008b900000| PB 0x000000008b900000| Untracked |  0
| 186|0x000000008ba00000, 0x000000008ba00000, 0x000000008bb00000|  0%| F|  |TAMS 0x000000008ba00000| PB 0x000000008ba00000| Untracked |  0
| 187|0x000000008bb00000, 0x000000008bb00000, 0x000000008bc00000|  0%| F|  |TAMS 0x000000008bb00000| PB 0x000000008bb00000| Untracked |  0
| 188|0x000000008bc00000, 0x000000008bc00000, 0x000000008bd00000|  0%| F|  |TAMS 0x000000008bc00000| PB 0x000000008bc00000| Untracked |  0
| 189|0x000000008bd00000, 0x000000008bd00000, 0x000000008be00000|  0%| F|  |TAMS 0x000000008bd00000| PB 0x000000008bd00000| Untracked |  0
| 190|0x000000008be00000, 0x000000008be00000, 0x000000008bf00000|  0%| F|  |TAMS 0x000000008be00000| PB 0x000000008be00000| Untracked |  0
| 191|0x000000008bf00000, 0x000000008bf00000, 0x000000008c000000|  0%| F|  |TAMS 0x000000008bf00000| PB 0x000000008bf00000| Untracked |  0
| 192|0x000000008c000000, 0x000000008c000000, 0x000000008c100000|  0%| F|  |TAMS 0x000000008c000000| PB 0x000000008c000000| Untracked |  0
| 193|0x000000008c100000, 0x000000008c100000, 0x000000008c200000|  0%| F|  |TAMS 0x000000008c100000| PB 0x000000008c100000| Untracked |  0
| 194|0x000000008c200000, 0x000000008c200000, 0x000000008c300000|  0%| F|  |TAMS 0x000000008c200000| PB 0x000000008c200000| Untracked |  0
| 195|0x000000008c300000, 0x000000008c300000, 0x000000008c400000|  0%| F|  |TAMS 0x000000008c300000| PB 0x000000008c300000| Untracked |  0
| 196|0x000000008c400000, 0x000000008c400000, 0x000000008c500000|  0%| F|  |TAMS 0x000000008c400000| PB 0x000000008c400000| Untracked |  0
| 197|0x000000008c500000, 0x000000008c500000, 0x000000008c600000|  0%| F|  |TAMS 0x000000008c500000| PB 0x000000008c500000| Untracked |  0
| 198|0x000000008c600000, 0x000000008c600000, 0x000000008c700000|  0%| F|  |TAMS 0x000000008c600000| PB 0x000000008c600000| Untracked |  0
| 199|0x000000008c700000, 0x000000008c700000, 0x000000008c800000|  0%| F|  |TAMS 0x000000008c700000| PB 0x000000008c700000| Untracked |  0
| 200|0x000000008c800000, 0x000000008c800000, 0x000000008c900000|  0%| F|  |TAMS 0x000000008c800000| PB 0x000000008c800000| Untracked |  0
| 201|0x000000008c900000, 0x000000008c900000, 0x000000008ca00000|  0%| F|  |TAMS 0x000000008c900000| PB 0x000000008c900000| Untracked |  0
| 202|0x000000008ca00000, 0x000000008ca00000, 0x000000008cb00000|  0%| F|  |TAMS 0x000000008ca00000| PB 0x000000008ca00000| Untracked |  0
| 203|0x000000008cb00000, 0x000000008cb00000, 0x000000008cc00000|  0%| F|  |TAMS 0x000000008cb00000| PB 0x000000008cb00000| Untracked |  0
| 204|0x000000008cc00000, 0x000000008cc00000, 0x000000008cd00000|  0%| F|  |TAMS 0x000000008cc00000| PB 0x000000008cc00000| Untracked |  0
| 205|0x000000008cd00000, 0x000000008cd00000, 0x000000008ce00000|  0%| F|  |TAMS 0x000000008cd00000| PB 0x000000008cd00000| Untracked |  0
| 206|0x000000008ce00000, 0x000000008ce00000, 0x000000008cf00000|  0%| F|  |TAMS 0x000000008ce00000| PB 0x000000008ce00000| Untracked |  0
| 207|0x000000008cf00000, 0x000000008cf00000, 0x000000008d000000|  0%| F|  |TAMS 0x000000008cf00000| PB 0x000000008cf00000| Untracked |  0
| 208|0x000000008d000000, 0x000000008d000000, 0x000000008d100000|  0%| F|  |TAMS 0x000000008d000000| PB 0x000000008d000000| Untracked |  0
| 209|0x000000008d100000, 0x000000008d100000, 0x000000008d200000|  0%| F|  |TAMS 0x000000008d100000| PB 0x000000008d100000| Untracked |  0
| 210|0x000000008d200000, 0x000000008d200000, 0x000000008d300000|  0%| F|  |TAMS 0x000000008d200000| PB 0x000000008d200000| Untracked |  0
| 211|0x000000008d300000, 0x000000008d300000, 0x000000008d400000|  0%| F|  |TAMS 0x000000008d300000| PB 0x000000008d300000| Untracked |  0
| 212|0x000000008d400000, 0x000000008d400000, 0x000000008d500000|  0%| F|  |TAMS 0x000000008d400000| PB 0x000000008d400000| Untracked |  0
| 213|0x000000008d500000, 0x000000008d500000, 0x000000008d600000|  0%| F|  |TAMS 0x000000008d500000| PB 0x000000008d500000| Untracked |  0
| 214|0x000000008d600000, 0x000000008d600000, 0x000000008d700000|  0%| F|  |TAMS 0x000000008d600000| PB 0x000000008d600000| Untracked |  0
| 215|0x000000008d700000, 0x000000008d700000, 0x000000008d800000|  0%| F|  |TAMS 0x000000008d700000| PB 0x000000008d700000| Untracked |  0
| 216|0x000000008d800000, 0x000000008d800000, 0x000000008d900000|  0%| F|  |TAMS 0x000000008d800000| PB 0x000000008d800000| Untracked |  0
| 217|0x000000008d900000, 0x000000008d900000, 0x000000008da00000|  0%| F|  |TAMS 0x000000008d900000| PB 0x000000008d900000| Untracked |  0
| 218|0x000000008da00000, 0x000000008da00000, 0x000000008db00000|  0%| F|  |TAMS 0x000000008da00000| PB 0x000000008da00000| Untracked |  0
| 219|0x000000008db00000, 0x000000008db00000, 0x000000008dc00000|  0%| F|  |TAMS 0x000000008db00000| PB 0x000000008db00000| Untracked |  0
| 220|0x000000008dc00000, 0x000000008dc00000, 0x000000008dd00000|  0%| F|  |TAMS 0x000000008dc00000| PB 0x000000008dc00000| Untracked |  0
| 221|0x000000008dd00000, 0x000000008dd00000, 0x000000008de00000|  0%| F|  |TAMS 0x000000008dd00000| PB 0x000000008dd00000| Untracked |  0
| 222|0x000000008de00000, 0x000000008de00000, 0x000000008df00000|  0%| F|  |TAMS 0x000000008de00000| PB 0x000000008de00000| Untracked |  0
| 223|0x000000008df00000, 0x000000008df00000, 0x000000008e000000|  0%| F|  |TAMS 0x000000008df00000| PB 0x000000008df00000| Untracked |  0
| 224|0x000000008e000000, 0x000000008e000000, 0x000000008e100000|  0%| F|  |TAMS 0x000000008e000000| PB 0x000000008e000000| Untracked |  0
| 225|0x000000008e100000, 0x000000008e100000, 0x000000008e200000|  0%| F|  |TAMS 0x000000008e100000| PB 0x000000008e100000| Untracked |  0
| 226|0x000000008e200000, 0x000000008e200000, 0x000000008e300000|  0%| F|  |TAMS 0x000000008e200000| PB 0x000000008e200000| Untracked |  0
| 227|0x000000008e300000, 0x000000008e300000, 0x000000008e400000|  0%| F|  |TAMS 0x000000008e300000| PB 0x000000008e300000| Untracked |  0
| 228|0x000000008e400000, 0x000000008e400000, 0x000000008e500000|  0%| F|  |TAMS 0x000000008e400000| PB 0x000000008e400000| Untracked |  0
| 229|0x000000008e500000, 0x000000008e500000, 0x000000008e600000|  0%| F|  |TAMS 0x000000008e500000| PB 0x000000008e500000| Untracked |  0
| 230|0x000000008e600000, 0x000000008e600000, 0x000000008e700000|  0%| F|  |TAMS 0x000000008e600000| PB 0x000000008e600000| Untracked |  0
| 231|0x000000008e700000, 0x000000008e700000, 0x000000008e800000|  0%| F|  |TAMS 0x000000008e700000| PB 0x000000008e700000| Untracked |  0
| 232|0x000000008e800000, 0x000000008e800000, 0x000000008e900000|  0%| F|  |TAMS 0x000000008e800000| PB 0x000000008e800000| Untracked |  0
| 233|0x000000008e900000, 0x000000008e900000, 0x000000008ea00000|  0%| F|  |TAMS 0x000000008e900000| PB 0x000000008e900000| Untracked |  0
| 234|0x000000008ea00000, 0x000000008ea00000, 0x000000008eb00000|  0%| F|  |TAMS 0x000000008ea00000| PB 0x000000008ea00000| Untracked |  0
| 235|0x000000008eb00000, 0x000000008eb00000, 0x000000008ec00000|  0%| F|  |TAMS 0x000000008eb00000| PB 0x000000008eb00000| Untracked |  0
| 236|0x000000008ec00000, 0x000000008ec00000, 0x000000008ed00000|  0%| F|  |TAMS 0x000000008ec00000| PB 0x000000008ec00000| Untracked |  0
| 237|0x000000008ed00000, 0x000000008ed00000, 0x000000008ee00000|  0%| F|  |TAMS 0x000000008ed00000| PB 0x000000008ed00000| Untracked |  0
| 238|0x000000008ee00000, 0x000000008ee00000, 0x000000008ef00000|  0%| F|  |TAMS 0x000000008ee00000| PB 0x000000008ee00000| Untracked |  0
| 239|0x000000008ef00000, 0x000000008ef00000, 0x000000008f000000|  0%| F|  |TAMS 0x000000008ef00000| PB 0x000000008ef00000| Untracked |  0
| 240|0x000000008f000000, 0x000000008f000000, 0x000000008f100000|  0%| F|  |TAMS 0x000000008f000000| PB 0x000000008f000000| Untracked |  0
| 241|0x000000008f100000, 0x000000008f100000, 0x000000008f200000|  0%| F|  |TAMS 0x000000008f100000| PB 0x000000008f100000| Untracked |  0
| 242|0x000000008f200000, 0x000000008f200000, 0x000000008f300000|  0%| F|  |TAMS 0x000000008f200000| PB 0x000000008f200000| Untracked |  0
| 243|0x000000008f300000, 0x000000008f300000, 0x000000008f400000|  0%| F|  |TAMS 0x000000008f300000| PB 0x000000008f300000| Untracked |  0
| 244|0x000000008f400000, 0x000000008f400000, 0x000000008f500000|  0%| F|  |TAMS 0x000000008f400000| PB 0x000000008f400000| Untracked |  0
| 245|0x000000008f500000, 0x000000008f500000, 0x000000008f600000|  0%| F|  |TAMS 0x000000008f500000| PB 0x000000008f500000| Untracked |  0
| 246|0x000000008f600000, 0x000000008f600000, 0x000000008f700000|  0%| F|  |TAMS 0x000000008f600000| PB 0x000000008f600000| Untracked |  0
| 247|0x000000008f700000, 0x000000008f700000, 0x000000008f800000|  0%| F|  |TAMS 0x000000008f700000| PB 0x000000008f700000| Untracked |  0
| 248|0x000000008f800000, 0x000000008f800000, 0x000000008f900000|  0%| F|  |TAMS 0x000000008f800000| PB 0x000000008f800000| Untracked |  0
| 249|0x000000008f900000, 0x000000008f900000, 0x000000008fa00000|  0%| F|  |TAMS 0x000000008f900000| PB 0x000000008f900000| Untracked |  0
| 250|0x000000008fa00000, 0x000000008fa00000, 0x000000008fb00000|  0%| F|  |TAMS 0x000000008fa00000| PB 0x000000008fa00000| Untracked |  0
| 251|0x000000008fb00000, 0x000000008fb00000, 0x000000008fc00000|  0%| F|  |TAMS 0x000000008fb00000| PB 0x000000008fb00000| Untracked |  0
| 252|0x000000008fc00000, 0x000000008fd00000, 0x000000008fd00000|100%| S|CS|TAMS 0x000000008fc00000| PB 0x000000008fc00000| Complete |  0
| 253|0x000000008fd00000, 0x000000008fe00000, 0x000000008fe00000|100%| S|CS|TAMS 0x000000008fd00000| PB 0x000000008fd00000| Complete |  0
| 254|0x000000008fe00000, 0x000000008fe00000, 0x000000008ff00000|  0%| F|  |TAMS 0x000000008fe00000| PB 0x000000008fe00000| Untracked |  0
| 255|0x000000008ff00000, 0x000000008ff00000, 0x0000000090000000|  0%| F|  |TAMS 0x000000008ff00000| PB 0x000000008ff00000| Untracked |  0
| 256|0x0000000090000000, 0x0000000090000000, 0x0000000090100000|  0%| F|  |TAMS 0x0000000090000000| PB 0x0000000090000000| Untracked |  0
| 257|0x0000000090100000, 0x0000000090100000, 0x0000000090200000|  0%| F|  |TAMS 0x0000000090100000| PB 0x0000000090100000| Untracked |  0
| 258|0x0000000090200000, 0x0000000090200000, 0x0000000090300000|  0%| F|  |TAMS 0x0000000090200000| PB 0x0000000090200000| Untracked |  0
| 259|0x0000000090300000, 0x0000000090300000, 0x0000000090400000|  0%| F|  |TAMS 0x0000000090300000| PB 0x0000000090300000| Untracked |  0
| 260|0x0000000090400000, 0x0000000090400000, 0x0000000090500000|  0%| F|  |TAMS 0x0000000090400000| PB 0x0000000090400000| Untracked |  0
| 261|0x0000000090500000, 0x0000000090500000, 0x0000000090600000|  0%| F|  |TAMS 0x0000000090500000| PB 0x0000000090500000| Untracked |  0
| 262|0x0000000090600000, 0x0000000090600000, 0x0000000090700000|  0%| F|  |TAMS 0x0000000090600000| PB 0x0000000090600000| Untracked |  0
| 263|0x0000000090700000, 0x0000000090700000, 0x0000000090800000|  0%| F|  |TAMS 0x0000000090700000| PB 0x0000000090700000| Untracked |  0
| 264|0x0000000090800000, 0x0000000090800000, 0x0000000090900000|  0%| F|  |TAMS 0x0000000090800000| PB 0x0000000090800000| Untracked |  0
|2034|0x00000000ff200000, 0x00000000ff300000, 0x00000000ff300000|100%| O|  |TAMS 0x00000000ff200000| PB 0x00000000ff200000| Untracked |  0
|2035|0x00000000ff300000, 0x00000000ff400000, 0x00000000ff400000|100%| O|  |TAMS 0x00000000ff300000| PB 0x00000000ff300000| Untracked |  0
|2036|0x00000000ff400000, 0x00000000ff500000, 0x00000000ff500000|100%| O|  |TAMS 0x00000000ff400000| PB 0x00000000ff400000| Untracked |  0
|2037|0x00000000ff500000, 0x00000000ff600000, 0x00000000ff600000|100%| O|  |TAMS 0x00000000ff600000| PB 0x00000000ff500000| Untracked |  0
|2038|0x00000000ff600000, 0x00000000ff700000, 0x00000000ff700000|100%| O|  |TAMS 0x00000000ff700000| PB 0x00000000ff600000| Untracked |  0
|2039|0x00000000ff700000, 0x00000000ff800000, 0x00000000ff800000|100%| O|  |TAMS 0x00000000ff800000| PB 0x00000000ff700000| Untracked |  0
|2040|0x00000000ff800000, 0x00000000ff900000, 0x00000000ff900000|100%| O|  |TAMS 0x00000000ff900000| PB 0x00000000ff800000| Untracked |  0
|2041|0x00000000ff900000, 0x00000000ffa00000, 0x00000000ffa00000|100%| O|  |TAMS 0x00000000ffa00000| PB 0x00000000ff900000| Untracked |  0
|2042|0x00000000ffa00000, 0x00000000ffa00000, 0x00000000ffb00000|  0%| F|  |TAMS 0x00000000ffa00000| PB 0x00000000ffa00000| Untracked |  0
|2043|0x00000000ffb00000, 0x00000000ffc00000, 0x00000000ffc00000|100%| O|  |TAMS 0x00000000ffc00000| PB 0x00000000ffb00000| Untracked |  0
|2044|0x00000000ffc00000, 0x00000000ffd00000, 0x00000000ffd00000|100%| O|  |TAMS 0x00000000ffd00000| PB 0x00000000ffc00000| Untracked |  0
|2045|0x00000000ffd00000, 0x00000000ffe00000, 0x00000000ffe00000|100%| O|  |TAMS 0x00000000ffe00000| PB 0x00000000ffd00000| Untracked |  0
|2046|0x00000000ffe00000, 0x00000000fff00000, 0x00000000fff00000|100%| O|  |TAMS 0x00000000fff00000| PB 0x00000000ffe00000| Untracked |  0
|2047|0x00000000fff00000, 0x00000000fff00000, 0x0000000100000000|  0%| F|  |TAMS 0x00000000fff00000| PB 0x00000000fff00000| Untracked |  0

Card table byte_map: [0x00000251bcee0000,0x00000251bd2e0000] _byte_map_base: 0x00000251bcae0000

Marking Bits: (CMBitMap*) 0x00000251a826ba10
 Bits: [0x00000251bd2e0000, 0x00000251bf2e0000)

Polling page: 0x00000251a82d0000

Metaspace:
Metaspace        used 132638K, committed 134976K, reserved 1179648K
 class space     used 19531K, committed 20608K, reserved 1048576K

Usage:
  Non-class:    110.46 MB used.
      Class:     19.07 MB used.
       Both:    129.53 MB used.

Virtual space:
  Non-class space:      128.00 MB reserved,     111.69 MB ( 87%) committed,  2 nodes.
      Class space:        1.00 GB reserved,      20.12 MB (  2%) committed,  1 nodes.
             Both:        1.12 GB reserved,     131.81 MB ( 11%) committed. 

Chunk freelists:
   Non-Class:  128.00 KB
       Class:  11.89 MB
        Both:  12.02 MB

MaxMetaspaceSize: unlimited
CompressedClassSpaceSize: 1.00 GB
Initial GC threshold: 21.00 MB
Current GC threshold: 217.44 MB
CDS: off
 - commit_granule_bytes: 65536.
 - commit_granule_words: 8192.
 - virtual_space_node_default_size: 8388608.
 - enlarge_chunks_in_place: 1.
UseCompressedClassPointers 1, UseCompactObjectHeaders 0
Narrow klass pointer bits 32, Max shift 3
Narrow klass base: 0x0000000000000000, Narrow klass shift: 0
Encoding Range: [0x0000000000000000 - 0x0000000100000000), (4294967296 bytes)
Klass Range:    [0x0000000020000000 - 0x0000000060000000), (1073741824 bytes)
Klass ID Range:  [536870912 - 1610612729) (1073741817)
No protection zone.


Internal statistics:

num_allocs_failed_limit: 9.
num_arena_births: 4578.
num_arena_deaths: 0.
num_vsnodes_births: 3.
num_vsnodes_deaths: 0.
num_space_committed: 2108.
num_space_uncommitted: 0.
num_chunks_returned_to_freelist: 9.
num_chunks_taken_from_freelist: 9885.
num_chunk_merges: 6.
num_chunk_splits: 6577.
num_chunks_enlarged: 4333.
num_inconsistent_stats: 0.

CodeHeap 'non-profiled nmethods': size=120064Kb used=5837Kb max_used=5837Kb free=114226Kb
 bounds [0x00000251b4920000, 0x00000251b4ee0000, 0x00000251bbe60000]
CodeHeap 'profiled nmethods': size=120000Kb used=19717Kb max_used=19717Kb free=100282Kb
 bounds [0x00000251ace60000, 0x00000251ae1b0000, 0x00000251b4390000]
CodeHeap 'non-nmethods': size=5696Kb used=2138Kb max_used=2261Kb free=3557Kb
 bounds [0x00000251b4390000, 0x00000251b4600000, 0x00000251b4920000]
CodeCache: size=245760Kb, used=27692Kb, max_used=27815Kb, free=218065Kb
 total_blobs=14731, nmethods=13733, adapters=899, full_count=0
Compilation: enabled, stopped_count=0, restarted_count=0

Compilation events (20 events):
Event: 66.275 Thread 0x00000251c2005740 16656       2       com.android.tools.r8.internal.dv::a (157 bytes)
Event: 66.275 Thread 0x00000251c2005740 nmethod 16656 0x00000251ae19e408 code [0x00000251ae19e500, 0x00000251ae19e908]
Event: 66.275 Thread 0x00000251c2005740 16657       3       com.android.tools.r8.graph.m6::a (113 bytes)
Event: 66.276 Thread 0x00000251c2004f30 nmethod 16523 0x00000251b4e62208 code [0x00000251b4e62300, 0x00000251b4e62c50]
Event: 66.276 Thread 0x00000251c2004f30 16525       4       jdk.internal.util.ArraysSupport::hashCode (53 bytes)
Event: 66.276 Thread 0x00000251c2005740 nmethod 16657 0x00000251ae19e988 code [0x00000251ae19ea80, 0x00000251ae19fd00]
Event: 66.276 Thread 0x00000251c2005740 16655       3       com.android.tools.r8.internal.dv::b (64 bytes)
Event: 66.277 Thread 0x00000251c2005740 nmethod 16655 0x00000251ae19fd88 code [0x00000251ae19fe80, 0x00000251ae1a0538]
Event: 66.277 Thread 0x00000251c2005740 16649       2       com.android.tools.r8.graph.m6::a (114 bytes)
Event: 66.277 Thread 0x00000251c2005740 nmethod 16649 0x00000251ae1a0588 code [0x00000251ae1a0680, 0x00000251ae1a0910]
Event: 66.277 Thread 0x00000251c2005740 16652       2       java.lang.StringUTF16::length (5 bytes)
Event: 66.277 Thread 0x00000251c2005740 nmethod 16652 0x00000251ae1a0988 code [0x00000251ae1a0a80, 0x00000251ae1a0b70]
Event: 66.277 Thread 0x00000251c2005740 16653       2       java.lang.StringUTF16::charAt (11 bytes)
Event: 66.277 Thread 0x00000251c2005740 nmethod 16653 0x00000251ae1a0c88 code [0x00000251ae1a0d80, 0x00000251ae1a0eb8]
Event: 66.277 Thread 0x00000251c2005740 16654       2       java.lang.StringUTF16::checkIndex (9 bytes)
Event: 66.277 Thread 0x00000251c2005740 nmethod 16654 0x00000251ae1a0f88 code [0x00000251ae1a1080, 0x00000251ae1a11a8]
Event: 66.277 Thread 0x00000251c2005740 16648       2       com.android.tools.r8.graph.g8$f::<init> (59 bytes)
Event: 66.277 Thread 0x00000251c2004f30 nmethod 16525 0x00000251b4ed3208 code [0x00000251b4ed3300, 0x00000251b4ed35d8]
Event: 66.277 Thread 0x00000251c2004f30 16658 %     4       com.android.tools.r8.internal.dv::a @ 12 (157 bytes)
Event: 66.277 Thread 0x00000251c2005740 nmethod 16648 0x00000251ae1a1288 code [0x00000251ae1a1380, 0x00000251ae1a1598]

GC Heap Usage History (20 events):
Event: 62.318 {heap After GC invocations=53 (full 0):
 garbage-first heap   total reserved 2097152K, committed 199680K, used 126839K [0x0000000080000000, 0x0000000100000000)
  region size 1024K, 4 young (4096K), 4 survivors (4096K)
}
Event: 62.993 {heap Before GC invocations=54 (full 0):
 garbage-first heap   total reserved 2097152K, committed 211968K, used 187255K [0x0000000080000000, 0x0000000100000000)
  region size 1024K, 64 young (65536K), 4 survivors (4096K)
}
Event: 62.999 {heap After GC invocations=55 (full 0):
 garbage-first heap   total reserved 2097152K, committed 211968K, used 127327K [0x0000000080000000, 0x0000000100000000)
  region size 1024K, 5 young (5120K), 5 survivors (5120K)
}
Event: 63.427 {heap Before GC invocations=55 (full 0):
 garbage-first heap   total reserved 2097152K, committed 211968K, used 199007K [0x0000000080000000, 0x0000000100000000)
  region size 1024K, 76 young (77824K), 5 survivors (5120K)
}
Event: 63.437 {heap After GC invocations=56 (full 0):
 garbage-first heap   total reserved 2097152K, committed 211968K, used 127694K [0x0000000080000000, 0x0000000100000000)
  region size 1024K, 6 young (6144K), 6 survivors (6144K)
}
Event: 64.149 {heap Before GC invocations=56 (full 0):
 garbage-first heap   total reserved 2097152K, committed 211968K, used 198350K [0x0000000080000000, 0x0000000100000000)
  region size 1024K, 76 young (77824K), 6 survivors (6144K)
}
Event: 64.163 {heap After GC invocations=57 (full 0):
 garbage-first heap   total reserved 2097152K, committed 216064K, used 138125K [0x0000000080000000, 0x0000000100000000)
  region size 1024K, 10 young (10240K), 10 survivors (10240K)
}
Event: 64.572 {heap Before GC invocations=58 (full 0):
 garbage-first heap   total reserved 2097152K, committed 230400K, used 198541K [0x0000000080000000, 0x0000000100000000)
  region size 1024K, 70 young (71680K), 10 survivors (10240K)
}
Event: 64.583 {heap After GC invocations=59 (full 0):
 garbage-first heap   total reserved 2097152K, committed 230400K, used 145025K [0x0000000080000000, 0x0000000100000000)
  region size 1024K, 6 young (6144K), 6 survivors (6144K)
}
Event: 64.929 {heap Before GC invocations=59 (full 0):
 garbage-first heap   total reserved 2097152K, committed 230400K, used 210561K [0x0000000080000000, 0x0000000100000000)
  region size 1024K, 71 young (72704K), 6 survivors (6144K)
}
Event: 64.948 {heap After GC invocations=60 (full 0):
 garbage-first heap   total reserved 2097152K, committed 230400K, used 153760K [0x0000000080000000, 0x0000000100000000)
  region size 1024K, 9 young (9216K), 9 survivors (9216K)
}
Event: 65.078 {heap Before GC invocations=60 (full 0):
 garbage-first heap   total reserved 2097152K, committed 230400K, used 209056K [0x0000000080000000, 0x0000000100000000)
  region size 1024K, 64 young (65536K), 9 survivors (9216K)
}
Event: 66.114 {heap After GC invocations=61 (full 0):
 garbage-first heap   total reserved 2097152K, committed 285696K, used 167936K [0x0000000080000000, 0x0000000100000000)
  region size 1024K, 8 young (8192K), 8 survivors (8192K)
}
Event: 66.134 {heap Before GC invocations=61 (full 0):
 garbage-first heap   total reserved 2097152K, committed 285696K, used 173056K [0x0000000080000000, 0x0000000100000000)
  region size 1024K, 13 young (13312K), 8 survivors (8192K)
}
Event: 66.146 {heap After GC invocations=62 (full 0):
 garbage-first heap   total reserved 2097152K, committed 285696K, used 171759K [0x0000000080000000, 0x0000000100000000)
  region size 1024K, 2 young (2048K), 2 survivors (2048K)
}
Event: 66.186 {heap Before GC invocations=62 (full 0):
 garbage-first heap   total reserved 2097152K, committed 285696K, used 183023K [0x0000000080000000, 0x0000000100000000)
  region size 1024K, 13 young (13312K), 2 survivors (2048K)
}
Event: 66.195 {heap After GC invocations=63 (full 0):
 garbage-first heap   total reserved 2097152K, committed 285696K, used 174909K [0x0000000080000000, 0x0000000100000000)
  region size 1024K, 2 young (2048K), 2 survivors (2048K)
}
Event: 66.240 {heap Before GC invocations=63 (full 0):
 garbage-first heap   total reserved 2097152K, committed 285696K, used 186173K [0x0000000080000000, 0x0000000100000000)
  region size 1024K, 13 young (13312K), 2 survivors (2048K)
}
Event: 66.248 {heap After GC invocations=64 (full 0):
 garbage-first heap   total reserved 2097152K, committed 285696K, used 178329K [0x0000000080000000, 0x0000000100000000)
  region size 1024K, 2 young (2048K), 2 survivors (2048K)
}
Event: 66.282 {heap Before GC invocations=64 (full 0):
 garbage-first heap   total reserved 2097152K, committed 285696K, used 190617K [0x0000000080000000, 0x0000000100000000)
  region size 1024K, 13 young (13312K), 2 survivors (2048K)
}

Metaspace Usage History (20 events):
Event: 62.318 {metaspace After GC invocations=53 (full 0):
 Metaspace       used 129275K, committed 131648K, reserved 1179648K
  class space    used 19038K, committed 20096K, reserved 1048576K
}
Event: 62.993 {metaspace Before GC invocations=54 (full 0):
 Metaspace       used 129823K, committed 132160K, reserved 1179648K
  class space    used 19123K, committed 20224K, reserved 1048576K
}
Event: 62.999 {metaspace After GC invocations=55 (full 0):
 Metaspace       used 129823K, committed 132160K, reserved 1179648K
  class space    used 19123K, committed 20224K, reserved 1048576K
}
Event: 63.427 {metaspace Before GC invocations=55 (full 0):
 Metaspace       used 130171K, committed 132544K, reserved 1179648K
  class space    used 19173K, committed 20224K, reserved 1048576K
}
Event: 63.437 {metaspace After GC invocations=56 (full 0):
 Metaspace       used 130171K, committed 132544K, reserved 1179648K
  class space    used 19173K, committed 20224K, reserved 1048576K
}
Event: 64.149 {metaspace Before GC invocations=56 (full 0):
 Metaspace       used 130958K, committed 133312K, reserved 1179648K
  class space    used 19285K, committed 20352K, reserved 1048576K
}
Event: 64.163 {metaspace After GC invocations=57 (full 0):
 Metaspace       used 130958K, committed 133312K, reserved 1179648K
  class space    used 19285K, committed 20352K, reserved 1048576K
}
Event: 64.572 {metaspace Before GC invocations=58 (full 0):
 Metaspace       used 131793K, committed 134080K, reserved 1179648K
  class space    used 19419K, committed 20480K, reserved 1048576K
}
Event: 64.583 {metaspace After GC invocations=59 (full 0):
 Metaspace       used 131793K, committed 134080K, reserved 1179648K
  class space    used 19419K, committed 20480K, reserved 1048576K
}
Event: 64.929 {metaspace Before GC invocations=59 (full 0):
 Metaspace       used 132584K, committed 134976K, reserved 1179648K
  class space    used 19528K, committed 20608K, reserved 1048576K
}
Event: 64.948 {metaspace After GC invocations=60 (full 0):
 Metaspace       used 132584K, committed 134976K, reserved 1179648K
  class space    used 19528K, committed 20608K, reserved 1048576K
}
Event: 65.078 {metaspace Before GC invocations=60 (full 0):
 Metaspace       used 132630K, committed 134976K, reserved 1179648K
  class space    used 19531K, committed 20608K, reserved 1048576K
}
Event: 66.114 {metaspace After GC invocations=61 (full 0):
 Metaspace       used 132630K, committed 134976K, reserved 1179648K
  class space    used 19531K, committed 20608K, reserved 1048576K
}
Event: 66.134 {metaspace Before GC invocations=61 (full 0):
 Metaspace       used 132633K, committed 134976K, reserved 1179648K
  class space    used 19531K, committed 20608K, reserved 1048576K
}
Event: 66.146 {metaspace After GC invocations=62 (full 0):
 Metaspace       used 132633K, committed 134976K, reserved 1179648K
  class space    used 19531K, committed 20608K, reserved 1048576K
}
Event: 66.186 {metaspace Before GC invocations=62 (full 0):
 Metaspace       used 132636K, committed 134976K, reserved 1179648K
  class space    used 19531K, committed 20608K, reserved 1048576K
}
Event: 66.195 {metaspace After GC invocations=63 (full 0):
 Metaspace       used 132636K, committed 134976K, reserved 1179648K
  class space    used 19531K, committed 20608K, reserved 1048576K
}
Event: 66.240 {metaspace Before GC invocations=63 (full 0):
 Metaspace       used 132638K, committed 134976K, reserved 1179648K
  class space    used 19531K, committed 20608K, reserved 1048576K
}
Event: 66.248 {metaspace After GC invocations=64 (full 0):
 Metaspace       used 132638K, committed 134976K, reserved 1179648K
  class space    used 19531K, committed 20608K, reserved 1048576K
}
Event: 66.282 {metaspace Before GC invocations=64 (full 0):
 Metaspace       used 132638K, committed 134976K, reserved 1179648K
  class space    used 19531K, committed 20608K, reserved 1048576K
}

Dll operation events (3 events):
Event: 0.014 Loaded shared library C:\Program Files\Android\Android Studio\jbr\bin\java.dll
Event: 0.021 Loaded shared library C:\Program Files\Android\Android Studio\jbr\bin\zip.dll
Event: 1.313 Loaded shared library C:\Program Files\Android\Android Studio\jbr\bin\verify.dll

Deoptimization events (20 events):
Event: 66.153 Thread 0x00000251c9773ff0 DEOPT PACKING pc=0x00000251b4ebc3d4 sp=0x00000090957ff180
Event: 66.153 Thread 0x00000251c9773ff0 DEOPT UNPACKING pc=0x00000251b44a8582 sp=0x00000090957ff140 mode 2
Event: 66.265 Thread 0x00000251cbca6240 DEOPT PACKING pc=0x00000251ae0ff309 sp=0x00000090990febe0
Event: 66.265 Thread 0x00000251cbca6240 DEOPT UNPACKING pc=0x00000251b43e1702 sp=0x00000090990fe0c8 mode 0
Event: 66.270 Thread 0x00000251cc603410 Uncommon trap: trap_request=0xffffff45 fr.pc=0x00000251b4b32538 relative=0x0000000000000738
Event: 66.270 Thread 0x00000251cc603410 Uncommon trap: reason=unstable_if action=reinterpret pc=0x00000251b4b32538 method=com.android.tools.r8.internal.dv.a([CII)Ljava/lang/String; @ 33 c2
Event: 66.270 Thread 0x00000251cc603410 DEOPT PACKING pc=0x00000251b4b32538 sp=0x00000090995fe970
Event: 66.270 Thread 0x00000251cc603410 DEOPT UNPACKING pc=0x00000251b44a8582 sp=0x00000090995fe8c8 mode 2
Event: 66.270 Thread 0x00000251cc603410 Uncommon trap: trap_request=0xffffff45 fr.pc=0x00000251b49a4678 relative=0x0000000000000478
Event: 66.270 Thread 0x00000251cc603410 Uncommon trap: reason=unstable_if action=reinterpret pc=0x00000251b49a4678 method=com.android.tools.r8.graph.m6.a(Ljava/lang/String;)[B @ 25 c2
Event: 66.270 Thread 0x00000251cc603410 DEOPT PACKING pc=0x00000251b49a4678 sp=0x00000090995fe730
Event: 66.270 Thread 0x00000251cc603410 DEOPT UNPACKING pc=0x00000251b44a8582 sp=0x00000090995fe6c8 mode 2
Event: 66.271 Thread 0x00000251cc603410 Uncommon trap: trap_request=0xffffff45 fr.pc=0x00000251b4970220 relative=0x00000000000000a0
Event: 66.271 Thread 0x00000251cc603410 Uncommon trap: reason=unstable_if action=reinterpret pc=0x00000251b4970220 method=com.android.tools.r8.graph.m6.a(C[BI)I @ 7 c2
Event: 66.271 Thread 0x00000251cc603410 DEOPT PACKING pc=0x00000251b4970220 sp=0x00000090995fe6c0
Event: 66.271 Thread 0x00000251cc603410 DEOPT UNPACKING pc=0x00000251b44a8582 sp=0x00000090995fe650 mode 2
Event: 66.271 Thread 0x00000251cc603410 Uncommon trap: trap_request=0xffffff45 fr.pc=0x00000251b4e15998 relative=0x0000000000000618
Event: 66.271 Thread 0x00000251cc603410 Uncommon trap: reason=unstable_if action=reinterpret pc=0x00000251b4e15998 method=com.android.tools.r8.internal.dv.a([CII)Ljava/lang/String; @ 33 c2
Event: 66.271 Thread 0x00000251cc603410 DEOPT PACKING pc=0x00000251b4e15998 sp=0x00000090995fe8d0
Event: 66.271 Thread 0x00000251cc603410 DEOPT UNPACKING pc=0x00000251b44a8582 sp=0x00000090995fe8b8 mode 2

Classes loaded (20 events):
Event: 61.976 Loading class org/w3c/dom/ls/DOMImplementationLS
Event: 61.976 Loading class org/w3c/dom/ls/DOMImplementationLS done
Event: 61.976 Loading class com/sun/org/apache/xerces/internal/dom/CoreDOMImplementationImpl done
Event: 61.976 Loading class com/sun/org/apache/xerces/internal/dom/DOMImplementationImpl done
Event: 61.976 Loading class com/sun/org/apache/xerces/internal/dom/DeferredDOMImplementationImpl
Event: 61.977 Loading class com/sun/org/apache/xerces/internal/dom/DeferredDOMImplementationImpl done
Event: 62.066 Loading class java/io/UTFDataFormatException
Event: 62.069 Loading class java/io/UTFDataFormatException done
Event: 62.806 Loading class java/util/stream/IntPipeline$1
Event: 62.813 Loading class java/util/stream/IntPipeline$1 done
Event: 62.815 Loading class java/util/stream/IntPipeline$1$1
Event: 62.823 Loading class java/util/stream/Sink$ChainedInt
Event: 62.829 Loading class java/util/stream/Sink$ChainedInt done
Event: 62.830 Loading class java/util/stream/IntPipeline$1$1 done
Event: 63.935 Loading class java/util/concurrent/ForkJoinTask$AdaptedInterruptibleCallable
Event: 63.941 Loading class java/util/concurrent/ForkJoinTask$InterruptibleTask
Event: 63.945 Loading class java/util/concurrent/ForkJoinTask$InterruptibleTask done
Event: 63.945 Loading class java/util/concurrent/ForkJoinTask$AdaptedInterruptibleCallable done
Event: 64.456 Loading class java/util/concurrent/CountedCompleter
Event: 64.464 Loading class java/util/concurrent/CountedCompleter done

Classes unloaded (0 events):
No events

Classes redefined (0 events):
No events

Internal exceptions (20 events):
Event: 65.051 Thread 0x00000251cb91d2f0 Exception <a 'sun/nio/fs/WindowsException'{0x000000008b9c3e88}> (0x000000008b9c3e88) 
thrown [s\src\hotspot\share\prims\jni.cpp, line 535]
Event: 65.052 Thread 0x00000251cb91d2f0 Exception <a 'sun/nio/fs/WindowsException'{0x000000008b9c60b0}> (0x000000008b9c60b0) 
thrown [s\src\hotspot\share\prims\jni.cpp, line 535]
Event: 66.123 Thread 0x00000251cb91f230 Exception <a 'sun/nio/fs/WindowsException'{0x00000000fff768e0}> (0x00000000fff768e0) 
thrown [s\src\hotspot\share\prims\jni.cpp, line 535]
Event: 66.151 Thread 0x00000251cb91f230 Exception <a 'sun/nio/fs/WindowsException'{0x00000000ffa3e948}> (0x00000000ffa3e948) 
thrown [s\src\hotspot\share\prims\jni.cpp, line 535]
Event: 66.152 Thread 0x00000251cb91f230 Exception <a 'sun/nio/fs/WindowsException'{0x00000000ffa57180}> (0x00000000ffa57180) 
thrown [s\src\hotspot\share\prims\jni.cpp, line 535]
Event: 66.152 Thread 0x00000251cb91f230 Exception <a 'sun/nio/fs/WindowsException'{0x00000000ffa83350}> (0x00000000ffa83350) 
thrown [s\src\hotspot\share\prims\jni.cpp, line 535]
Event: 66.152 Thread 0x00000251cb91f230 Exception <a 'sun/nio/fs/WindowsException'{0x00000000ffa958f8}> (0x00000000ffa958f8) 
thrown [s\src\hotspot\share\prims\jni.cpp, line 535]
Event: 66.168 Thread 0x00000251cb91f230 Exception <a 'sun/nio/fs/WindowsException'{0x00000000902d90f0}> (0x00000000902d90f0) 
thrown [s\src\hotspot\share\prims\jni.cpp, line 535]
Event: 66.168 Thread 0x00000251cb91f230 Exception <a 'sun/nio/fs/WindowsException'{0x0000000090109750}> (0x0000000090109750) 
thrown [s\src\hotspot\share\prims\jni.cpp, line 535]
Event: 66.205 Thread 0x00000251cb91f230 Exception <a 'sun/nio/fs/WindowsException'{0x00000000908ab690}> (0x00000000908ab690) 
thrown [s\src\hotspot\share\prims\jni.cpp, line 535]
Event: 66.217 Thread 0x00000251cb91f230 Exception <a 'sun/nio/fs/WindowsException'{0x0000000090482448}> (0x0000000090482448) 
thrown [s\src\hotspot\share\prims\jni.cpp, line 535]
Event: 66.222 Thread 0x00000251cb91f230 Exception <a 'sun/nio/fs/WindowsException'{0x000000009035a3b8}> (0x000000009035a3b8) 
thrown [s\src\hotspot\share\prims\jni.cpp, line 535]
Event: 66.224 Thread 0x00000251cb91f230 Exception <a 'sun/nio/fs/WindowsException'{0x00000000903d9c30}> (0x00000000903d9c30) 
thrown [s\src\hotspot\share\prims\jni.cpp, line 535]
Event: 66.227 Thread 0x00000251cb91f230 Exception <a 'sun/nio/fs/WindowsException'{0x0000000090226750}> (0x0000000090226750) 
thrown [s\src\hotspot\share\prims\jni.cpp, line 535]
Event: 66.228 Thread 0x00000251cb91f230 Exception <a 'sun/nio/fs/WindowsException'{0x0000000090239790}> (0x0000000090239790) 
thrown [s\src\hotspot\share\prims\jni.cpp, line 535]
Event: 66.228 Thread 0x00000251cb91f230 Exception <a 'sun/nio/fs/WindowsException'{0x0000000090254098}> (0x0000000090254098) 
thrown [s\src\hotspot\share\prims\jni.cpp, line 535]
Event: 66.229 Thread 0x00000251cb91f230 Exception <a 'sun/nio/fs/WindowsException'{0x00000000902612c8}> (0x00000000902612c8) 
thrown [s\src\hotspot\share\prims\jni.cpp, line 535]
Event: 66.230 Thread 0x00000251cb91f230 Exception <a 'sun/nio/fs/WindowsException'{0x00000000902be488}> (0x00000000902be488) 
thrown [s\src\hotspot\share\prims\jni.cpp, line 535]
Event: 66.231 Thread 0x00000251cb91f230 Exception <a 'sun/nio/fs/WindowsException'{0x00000000902da140}> (0x00000000902da140) 
thrown [s\src\hotspot\share\prims\jni.cpp, line 535]
Event: 66.251 Thread 0x00000251c9ef3590 Exception <a 'sun/nio/fs/WindowsException'{0x00000000fff4d168}> (0x00000000fff4d168) 
thrown [s\src\hotspot\share\prims\jni.cpp, line 535]

VM Operations (20 events):
Event: 63.437 Executing safepoint VM operation: G1CollectForAllocation (G1 Evacuation Pause) done
Event: 64.149 Executing safepoint VM operation: G1CollectForAllocation (G1 Evacuation Pause)
Event: 64.163 Executing safepoint VM operation: G1CollectForAllocation (G1 Evacuation Pause) done
Event: 64.281 Executing safepoint VM operation: G1PauseRemark
Event: 64.293 Executing safepoint VM operation: G1PauseRemark done
Event: 64.326 Executing safepoint VM operation: G1PauseCleanup
Event: 64.326 Executing safepoint VM operation: G1PauseCleanup done
Event: 64.572 Executing safepoint VM operation: G1CollectForAllocation (G1 Evacuation Pause)
Event: 64.584 Executing safepoint VM operation: G1CollectForAllocation (G1 Evacuation Pause) done
Event: 64.923 Executing safepoint VM operation: G1CollectForAllocation (G1 Evacuation Pause)
Event: 64.948 Executing safepoint VM operation: G1CollectForAllocation (G1 Evacuation Pause) done
Event: 65.077 Executing safepoint VM operation: G1CollectForAllocation (G1 Evacuation Pause)
Event: 66.114 Executing safepoint VM operation: G1CollectForAllocation (G1 Evacuation Pause) done
Event: 66.132 Executing safepoint VM operation: G1CollectForAllocation (G1 Evacuation Pause)
Event: 66.146 Executing safepoint VM operation: G1CollectForAllocation (G1 Evacuation Pause) done
Event: 66.184 Executing safepoint VM operation: G1CollectForAllocation (G1 Evacuation Pause)
Event: 66.196 Executing safepoint VM operation: G1CollectForAllocation (G1 Evacuation Pause) done
Event: 66.237 Executing safepoint VM operation: G1CollectForAllocation (G1 Evacuation Pause)
Event: 66.248 Executing safepoint VM operation: G1CollectForAllocation (G1 Evacuation Pause) done
Event: 66.277 Executing safepoint VM operation: G1CollectForAllocation (G1 Evacuation Pause)

Memory protections (0 events):
No events

Nmethod flushes (20 events):
Event: 64.289 Thread 0x00000251c1fa0790 flushing  nmethod 0x00000251b4b32b08
Event: 64.289 Thread 0x00000251c1fa0790 flushing  nmethod 0x00000251b4bc2208
Event: 64.289 Thread 0x00000251c1fa0790 flushing  nmethod 0x00000251b4c2ee08
Event: 64.289 Thread 0x00000251c1fa0790 flushing  nmethod 0x00000251b4cdc088
Event: 64.289 Thread 0x00000251c1fa0790 flushing  nmethod 0x00000251b4e4fd88
Event: 64.289 Thread 0x00000251c1fa0790 flushing  nmethod 0x00000251acfc5c88
Event: 64.289 Thread 0x00000251c1fa0790 flushing  nmethod 0x00000251ad080808
Event: 64.289 Thread 0x00000251c1fa0790 flushing  nmethod 0x00000251ad0d3788
Event: 64.290 Thread 0x00000251c1fa0790 flushing  nmethod 0x00000251ad15c988
Event: 64.290 Thread 0x00000251c1fa0790 flushing  nmethod 0x00000251ad218788
Event: 64.290 Thread 0x00000251c1fa0790 flushing  nmethod 0x00000251ad268b88
Event: 64.290 Thread 0x00000251c1fa0790 flushing  nmethod 0x00000251ad53cc08
Event: 64.290 Thread 0x00000251c1fa0790 flushing  nmethod 0x00000251ad652488
Event: 64.290 Thread 0x00000251c1fa0790 flushing  nmethod 0x00000251ad679188
Event: 64.290 Thread 0x00000251c1fa0790 flushing  nmethod 0x00000251ad92e108
Event: 64.290 Thread 0x00000251c1fa0790 flushing  nmethod 0x00000251adb29408
Event: 64.290 Thread 0x00000251c1fa0790 flushing  nmethod 0x00000251adb2b508
Event: 64.290 Thread 0x00000251c1fa0790 flushing  nmethod 0x00000251adb2b908
Event: 64.290 Thread 0x00000251c1fa0790 flushing  nmethod 0x00000251adb2d388
Event: 64.290 Thread 0x00000251c1fa0790 flushing  nmethod 0x00000251adf25008

Events (20 events):
Event: 60.555 Thread 0x00000251cb918ca0 Thread added: 0x00000251cb91f230
Event: 60.555 Thread 0x00000251cb918ca0 Thread added: 0x00000251cb9201d0
Event: 60.555 Thread 0x00000251cb918ca0 Thread added: 0x00000251cbc9a6c0
Event: 60.555 Thread 0x00000251cb918ca0 Thread added: 0x00000251cbc98f50
Event: 60.556 Thread 0x00000251cb918ca0 Thread added: 0x00000251cbc99ef0
Event: 60.646 Thread 0x00000251cb918ca0 Thread added: 0x00000251cbc9c600
Event: 61.230 Thread 0x00000251cb91dac0 Thread added: 0x00000251cbc9ed10
Event: 61.301 Thread 0x00000251cb91e290 Thread added: 0x00000251cbc9f4e0
Event: 63.956 Thread 0x00000251cbc9a6c0 Thread added: 0x00000251cbc9fcb0
Event: 63.956 Thread 0x00000251cbc9a6c0 Thread added: 0x00000251cbca2b90
Event: 63.963 Thread 0x00000251cbca2b90 Thread added: 0x00000251cbca3b30
Event: 63.963 Thread 0x00000251cbc9fcb0 Thread added: 0x00000251cbca4ad0
Event: 63.963 Thread 0x00000251cbca4ad0 Thread added: 0x00000251cbca5a70
Event: 63.963 Thread 0x00000251cbca3b30 Thread added: 0x00000251cbca6240
Event: 63.964 Thread 0x00000251cbca5a70 Thread added: 0x00000251cb91b3b0
Event: 63.964 Thread 0x00000251cbca6240 Thread added: 0x00000251cc601ca0
Event: 63.964 Thread 0x00000251cb91b3b0 Thread added: 0x00000251cc5fedc0
Event: 63.964 Thread 0x00000251cc601ca0 Thread added: 0x00000251cc602c40
Event: 63.965 Thread 0x00000251cc5fedc0 Thread added: 0x00000251cc603410
Event: 63.965 Thread 0x00000251cc602c40 Thread added: 0x00000251cc600d00


Dynamic libraries:
0x00007ff693860000 - 0x00007ff69386a000 	C:\Program Files\Android\Android Studio\jbr\bin\java.exe
0x00007fffe0ee0000 - 0x00007fffe1146000 	C:\WINDOWS\SYSTEM32\ntdll.dll
0x00007fffe00f0000 - 0x00007fffe01b9000 	C:\WINDOWS\System32\KERNEL32.DLL
0x00007fffde800000 - 0x00007fffdebff000 	C:\WINDOWS\System32\KERNELBASE.dll
0x00007fffde2b0000 - 0x00007fffde3fc000 	C:\WINDOWS\System32\ucrtbase.dll
0x00007fffdaeb0000 - 0x00007fffdaecb000 	C:\Program Files\Android\Android Studio\jbr\bin\VCRUNTIME140.dll
0x00007fffd00b0000 - 0x00007fffd00c6000 	C:\Program Files\Android\Android Studio\jbr\bin\jli.dll
0x00007fffe0cd0000 - 0x00007fffe0e96000 	C:\WINDOWS\System32\USER32.dll
0x00007fffc6eb0000 - 0x00007fffc7141000 	C:\WINDOWS\WinSxS\amd64_microsoft.windows.common-controls_6595b64144ccf1df_6.0.26100.8972_none_3e0da176e32f9d4b\COMCTL32.dll
0x00007fffde280000 - 0x00007fffde2a7000 	C:\WINDOWS\System32\win32u.dll
0x00007fffdee70000 - 0x00007fffdef19000 	C:\WINDOWS\System32\msvcrt.dll
0x00007fffdf820000 - 0x00007fffdf84b000 	C:\WINDOWS\System32\GDI32.dll
0x00007fffde6d0000 - 0x00007fffde7f9000 	C:\WINDOWS\System32\gdi32full.dll
0x00007fffde620000 - 0x00007fffde6c3000 	C:\WINDOWS\System32\msvcp_win.dll
0x00007fffdfd20000 - 0x00007fffdfd52000 	C:\WINDOWS\System32\IMM32.DLL
0x00007fffdae90000 - 0x00007fffdae9c000 	C:\Program Files\Android\Android Studio\jbr\bin\vcruntime140_1.dll
0x00007fff9edb0000 - 0x00007fff9ee3d000 	C:\Program Files\Android\Android Studio\jbr\bin\msvcp140.dll
0x00007fff15aa0000 - 0x00007fff1697a000 	C:\Program Files\Android\Android Studio\jbr\bin\server\jvm.dll
0x00007fffdfc30000 - 0x00007fffdfcec000 	C:\WINDOWS\System32\ADVAPI32.dll
0x00007fffdec90000 - 0x00007fffded3a000 	C:\WINDOWS\System32\sechost.dll
0x00007fffdef20000 - 0x00007fffdf038000 	C:\WINDOWS\System32\RPCRT4.dll
0x00007fffe0b80000 - 0x00007fffe0c02000 	C:\WINDOWS\System32\WS2_32.dll
0x00007fffd6ad0000 - 0x00007fffd6adb000 	C:\WINDOWS\SYSTEM32\VERSION.dll
0x00007fffd5210000 - 0x00007fffd5246000 	C:\WINDOWS\SYSTEM32\WINMM.dll
0x00007fffddd90000 - 0x00007fffdddee000 	C:\WINDOWS\SYSTEM32\POWRPROF.dll
0x00007fffddd70000 - 0x00007fffddd85000 	C:\WINDOWS\SYSTEM32\UMPDC.dll
0x00007fffdcde0000 - 0x00007fffdcdfb000 	C:\WINDOWS\SYSTEM32\kernel.appcore.dll
0x00007fffdae80000 - 0x00007fffdae8a000 	C:\Program Files\Android\Android Studio\jbr\bin\jimage.dll
0x00007fffce400000 - 0x00007fffce642000 	C:\WINDOWS\SYSTEM32\DBGHELP.DLL
0x00007fffdfd60000 - 0x00007fffe00e5000 	C:\WINDOWS\System32\combase.dll
0x00007fffe04f0000 - 0x00007fffe05c9000 	C:\WINDOWS\System32\OLEAUT32.dll
0x00007fffd6b60000 - 0x00007fffd6b9b000 	C:\WINDOWS\SYSTEM32\dbgcore.DLL
0x00007fffde560000 - 0x00007fffde60c000 	C:\WINDOWS\System32\bcryptPrimitives.dll
0x00007fffd0af0000 - 0x00007fffd0afe000 	C:\Program Files\Android\Android Studio\jbr\bin\instrument.dll
0x00007fffd80d0000 - 0x00007fffd80ef000 	C:\Program Files\Android\Android Studio\jbr\bin\java.dll
0x00007fffdfa20000 - 0x00007fffdfbb9000 	C:\WINDOWS\System32\ole32.dll
0x00007fffdf040000 - 0x00007fffdf7c8000 	C:\WINDOWS\System32\SHELL32.dll
0x00007fffd8040000 - 0x00007fffd8057000 	C:\Program Files\Android\Android Studio\jbr\bin\zip.dll
0x00007fffdbba0000 - 0x00007fffdc43b000 	C:\WINDOWS\SYSTEM32\windows.storage.dll
0x00007fffe01c0000 - 0x00007fffe02b9000 	C:\WINDOWS\System32\SHCORE.dll
0x00007fffdfbc0000 - 0x00007fffdfc26000 	C:\WINDOWS\System32\shlwapi.dll
0x00007fffde010000 - 0x00007fffde039000 	C:\WINDOWS\SYSTEM32\profapi.dll
0x00007fffdae70000 - 0x00007fffdae80000 	C:\Program Files\Android\Android Studio\jbr\bin\net.dll
0x00007fffdd390000 - 0x00007fffdd3fc000 	C:\WINDOWS\system32\mswsock.dll
0x00007fffd7ff0000 - 0x00007fffd8006000 	C:\Program Files\Android\Android Studio\jbr\bin\nio.dll
0x00007fffd0d50000 - 0x00007fffd0d60000 	C:\Program Files\Android\Android Studio\jbr\bin\verify.dll
0x00007fffb5220000 - 0x00007fffb5247000 	C:\Users\iffeH\.gradle\native\660c5614fbf4a5f2a75b1949f50a0caf5cd603558e7d8a26e50b933a0cfb79d1\windows-amd64\native-platform.dll
0x00007fffa6060000 - 0x00007fffa60d7000 	C:\Users\iffeH\.gradle\native\0.2.8\x86_64-windows-gnu\gradle-fileevents.dll
0x00007fffd75e0000 - 0x00007fffd75e9000 	C:\Program Files\Android\Android Studio\jbr\bin\management.dll
0x00007fffd75d0000 - 0x00007fffd75db000 	C:\Program Files\Android\Android Studio\jbr\bin\management_ext.dll
0x00007fffdedd0000 - 0x00007fffdedd8000 	C:\WINDOWS\System32\PSAPI.DLL
0x00007fffdc840000 - 0x00007fffdc873000 	C:\WINDOWS\SYSTEM32\IPHLPAPI.DLL
0x00007fffe0a60000 - 0x00007fffe0a6a000 	C:\WINDOWS\System32\NSI.dll
0x00007fffd8100000 - 0x00007fffd8109000 	C:\Program Files\Android\Android Studio\jbr\bin\extnet.dll
0x00007fffdd680000 - 0x00007fffdd69b000 	C:\WINDOWS\SYSTEM32\CRYPTSP.dll
0x00007fffdcd40000 - 0x00007fffdcd79000 	C:\WINDOWS\system32\rsaenh.dll
0x00007fffdd440000 - 0x00007fffdd472000 	C:\WINDOWS\SYSTEM32\USERENV.dll
0x00007fffddfe0000 - 0x00007fffde00a000 	C:\WINDOWS\SYSTEM32\bcrypt.dll
0x00007fffdd6a0000 - 0x00007fffdd6ac000 	C:\WINDOWS\SYSTEM32\CRYPTBASE.dll
0x00007fff9e080000 - 0x00007fff9e088000 	C:\WINDOWS\system32\wshunix.dll
0x00007fffdc880000 - 0x00007fffdc9d8000 	C:\WINDOWS\SYSTEM32\DNSAPI.dll
0x00007fffdd190000 - 0x00007fffdd19d000 	C:\WINDOWS\SYSTEM32\DSPARSE.dll
0x00007fffd5b70000 - 0x00007fffd5b7b000 	C:\Windows\System32\rasadhlp.dll
0x00007fffd7960000 - 0x00007fffd79e6000 	C:\WINDOWS\System32\fwpuclnt.dll
0x00007fffdaf40000 - 0x00007fffdafdf000 	C:\WINDOWS\system32\apphelp.dll
0x00007fffdcf10000 - 0x00007fffdcf46000 	C:\WINDOWS\SYSTEM32\ntmarta.dll

JVMTI agents:
C:\Users\iffeH\.gradle\wrapper\dists\gradle-9.5.0-bin\bvnork1r7n8i6kp5cnkibsc9q\gradle-9.5.0\lib\agents\gradle-instrumentation-agent-9.5.0.jar path:C:\Program Files\Android\Android Studio\jbr\bin\instrument.dll, loaded, initialized, instrumentlib options:none

dbghelp: loaded successfully - version: 4.0.5 - missing functions: none
symbol engine: initialized successfully - sym options: 0x614 - pdb path: .;C:\Program Files\Android\Android Studio\jbr\bin;C:\WINDOWS\SYSTEM32;C:\WINDOWS\WinSxS\amd64_microsoft.windows.common-controls_6595b64144ccf1df_6.0.26100.8972_none_3e0da176e32f9d4b;C:\Program Files\Android\Android Studio\jbr\bin\server;C:\Users\iffeH\.gradle\native\660c5614fbf4a5f2a75b1949f50a0caf5cd603558e7d8a26e50b933a0cfb79d1\windows-amd64;C:\Users\iffeH\.gradle\native\0.2.8\x86_64-windows-gnu

VM Arguments:
jvm_args: --add-opens=java.base/java.lang=ALL-UNNAMED --add-opens=java.base/java.lang.invoke=ALL-UNNAMED --add-opens=java.base/java.util=ALL-UNNAMED --add-opens=java.prefs/java.util.prefs=ALL-UNNAMED --add-exports=jdk.compiler/com.sun.tools.javac.api=ALL-UNNAMED --add-exports=jdk.compiler/com.sun.tools.javac.util=ALL-UNNAMED --add-opens=java.base/java.nio.charset=ALL-UNNAMED --add-opens=java.base/java.net=ALL-UNNAMED --add-opens=java.base/java.util.concurrent=ALL-UNNAMED --add-opens=java.base/java.util.concurrent.atomic=ALL-UNNAMED --add-opens=java.xml/javax.xml.namespace=ALL-UNNAMED --add-opens=java.base/java.time=ALL-UNNAMED --enable-native-access=ALL-UNNAMED -Xmx2048m -Dfile.encoding=UTF-8 -Duser.country=SE -Duser.language=sv -Duser.variant -javaagent:C:\Users\iffeH\.gradle\wrapper\dists\gradle-9.5.0-bin\bvnork1r7n8i6kp5cnkibsc9q\gradle-9.5.0\lib\agents\gradle-instrumentation-agent-9.5.0.jar 
java_command: org.gradle.launcher.daemon.bootstrap.GradleDaemon 9.5.0
java_class_path (initial): C:\Users\iffeH\.gradle\wrapper\dists\gradle-9.5.0-bin\bvnork1r7n8i6kp5cnkibsc9q\gradle-9.5.0\lib\gradle-daemon-main-9.5.0.jar
Launcher Type: SUN_STANDARD

[Global flags]
     intx CICompilerCount                          = 4                                         {product} {ergonomic}
     uint ConcGCThreads                            = 3                                         {product} {ergonomic}
     uint G1ConcRefinementThreads                  = 10                                        {product} {ergonomic}
   size_t G1HeapRegionSize                         = 1048576                                   {product} {ergonomic}
   size_t InitialHeapSize                          = 98566144                                  {product} {ergonomic}
   size_t MarkStackSize                            = 4194304                                   {product} {ergonomic}
   size_t MarkStackSizeMax                         = 536870912                                 {product} {ergonomic}
   size_t MaxHeapSize                              = 2147483648                                {product} {command line}
   size_t MaxNewSize                               = 1287651328                                {product} {ergonomic}
   size_t MinHeapDeltaBytes                        = 1048576                                   {product} {ergonomic}
   size_t MinHeapSize                              = 8388608                                   {product} {ergonomic}
    uintx NonNMethodCodeHeapSize                   = 5832704                                {pd product} {ergonomic}
    uintx NonProfiledCodeHeapSize                  = 122945536                              {pd product} {ergonomic}
    uintx ProfiledCodeHeapSize                     = 122880000                              {pd product} {ergonomic}
    uintx ReservedCodeCacheSize                    = 251658240                              {pd product} {ergonomic}
     bool SegmentedCodeCache                       = true                                      {product} {ergonomic}
   size_t SoftMaxHeapSize                          = 2147483648                             {manageable} {ergonomic}
     bool UseCompressedOops                        = true                           {product lp64_product} {ergonomic}
     bool UseG1GC                                  = true                                      {product} {ergonomic}
     bool UseLargePagesIndividualAllocation        = false                                  {pd product} {ergonomic}

Logging:
Log output configuration:
 #0: stdout all=warning uptime,level,tags foldmultilines=false
 #1: stderr all=off uptime,level,tags foldmultilines=false

Release file:
JAVA_VERSION="25.0.2" 
MODULES="java.base java.compiler java.datatransfer java.xml java.prefs java.desktop java.instrument java.logging java.management java.security.sasl java.naming java.rmi java.management.rmi java.net.http java.scripting java.security.jgss java.transaction.xa java.sql java.sql.rowset java.xml.crypto java.se java.smartcardio jdk.accessibility jdk.internal.jvmstat jdk.attach jdk.charsets jdk.internal.opt jdk.zipfs jdk.compiler jdk.crypto.cryptoki jdk.crypto.ec jdk.dynalink jdk.hotspot.agent jdk.httpserver jdk.internal.ed jdk.internal.le jdk.internal.md jdk.internal.vm.ci jdk.jartool jdk.javadoc jdk.jcmd jdk.jdeps jdk.jdwp.agent jdk.jdi jdk.jfr jdk.jlink jdk.localedata jdk.management jdk.management.agent jdk.management.jfr jdk.naming.dns jdk.naming.rmi jdk.net jdk.sctp jdk.security.auth jdk.security.jgss jdk.unsupported jdk.unsupported.desktop jdk.xml.dom" 
IMPLEMENTOR="JetBrains s.r.o." 
JAVA_RUNTIME_VERSION="25.0.2+-15348964-b329.117" 
LIBC="default" 
OS_ARCH="x86_64" 
OS_NAME="Windows" 
SOURCE=".:git:3cf398e84a39" 

Environment Variables:
PATH=C:\Program Files\Common Files\Oracle\Java\javapath;C:\Program Files (x86)\Common Files\Oracle\Java\java8path;C:\Program Files (x86)\Common Files\Oracle\Java\javapath;C:\WINDOWS\system32;C:\WINDOWS;C:\WINDOWS\System32\Wbem;C:\WINDOWS\System32\WindowsPowerShell\v1.0\;C:\WINDOWS\System32\OpenSSH\;C:\Program Files\Git\cmd;C:\Program Files\Docker\Docker\resources\bin;C:\Program Files\nodejs\;C:\Users\iffeH\AppData\Local\Microsoft\WindowsApps;C:\Users\iffeH\AppData\Local\Programs\Microsoft VS Code\bin;C:\Program Files\JetBrains\IntelliJ IDEA Community Edition 2025.2.3\bin;C:\Program Files\JetBrains\IntelliJ IDEA 2025.2.5\bin;C:\Users\iffeH\AppData\Local\JetBrains\Toolbox\scripts;C:\Users\iffeH\AppData\Roaming\npm
USERNAME=iffeH
OS=Windows_NT
PROCESSOR_IDENTIFIER=AMD64 Family 25 Model 80 Stepping 0, AuthenticAMD
TMP=C:\Users\iffeH\AppData\Local\Temp
TEMP=C:\Users\iffeH\AppData\Local\Temp




Compilation memory statistics disabled.

Periodic native trim disabled

JNI global refs:
JNI global refs: 23, weak refs: 38

JNI global refs memory usage: 835, weak refs: 1465

Process memory usage:
Resident Set Size: 380096K (6% of 6124928K total physical memory with 31520K free physical memory)

OOME stack traces (most recent first):
Classloader memory used:
Loader org.gradle.internal.classloader.VisitableURLClassLoader                         : 47568 K
Loader bootstrap                                                                       : 34372 K
Loader org.gradle.internal.classloader.VisitableURLClassLoader$InstrumentingVisitableURLClassLoader: 34261 K
Loader org.gradle.initialization.MixInLegacyTypesClassLoader                           : 15801 K
Loader jdk.internal.loader.ClassLoaders$AppClassLoader                                 : 188 K
Loader org.gradle.internal.classloader.VisitableURLClassLoader                         : 161 K
Loader jdk.internal.loader.ClassLoaders$PlatformClassLoader                            : 156 K
Loader org.gradle.groovy.scripts.internal.DefaultScriptCompilationHandler$ScriptClassLoader: 125 K
Loader sun.reflect.misc.MethodUtil                                                     : 2968 B

Classes loaded by more than one classloader:
Class Program                                                                         : loaded 5 times (x 74B)
Class Build_gradle                                                                    : loaded 3 times (x 128B)
Class com.google.common.collect.RegularImmutableMap$KeySet                            : loaded 2 times (x 154B)
Class org.gradle.internal.classloader.FilteringClassLoader                            : loaded 2 times (x 106B)
Class [Lcom.google.common.base.AbstractIterator$State;                                : loaded 2 times (x 71B)
Class com.google.common.io.FileWriteMode                                              : loaded 2 times (x 81B)
Class com.google.common.base.CharMatcher$IsEither                                     : loaded 2 times (x 113B)
Class org.gradle.internal.classloader.ClassLoaderHierarchy                            : loaded 2 times (x 72B)
Class com.google.common.collect.AbstractMapBasedMultimap$WrappedCollection            : loaded 2 times (x 126B)
Class com.google.common.collect.ImmutableEnumSet                                      : loaded 2 times (x 148B)
Class com.google.common.collect.ImmutableList$1                                       : loaded 2 times (x 99B)
Class com.google.common.util.concurrent.ExecutionError                                : loaded 2 times (x 84B)
Class com.google.common.io.ByteArrayDataOutput                                        : loaded 2 times (x 72B)
Class com.google.common.collect.RegularImmutableMap                                   : loaded 2 times (x 122B)
Class com.google.common.collect.ImmutableMap$MapViewOfValuesAsSingletonSets           : loaded 2 times (x 128B)
Class com.google.common.collect.TransformedListIterator                               : loaded 2 times (x 95B)
Class com.google.common.reflect.TypeCapture                                           : loaded 2 times (x 73B)
Class [Lorg.objectweb.asm.Symbol;                                                     : loaded 2 times (x 71B)
Class org.objectweb.asm.ClassVisitor                                                  : loaded 2 times (x 90B)
Class com.google.common.collect.UnmodifiableListIterator                              : loaded 2 times (x 97B)
Class com.google.common.base.Platform$JdkPatternCompiler                              : loaded 2 times (x 77B)
Class org.objectweb.asm.MethodTooLargeException                                       : loaded 2 times (x 84B)
Class [Lcom.google.common.cache.CacheBuilder$OneWeigher;                              : loaded 2 times (x 71B)
Class com.google.common.base.Suppliers                                                : loaded 2 times (x 73B)
Class org.gradle.internal.classloader.DefaultClassLoaderFactory                       : loaded 2 times (x 84B)
Class org.apache.commons.io.file.PathUtils                                            : loaded 2 times (x 73B)
Class com.google.common.base.CharMatcher$None                                         : loaded 2 times (x 114B)
Class com.google.common.io.ByteSource$ConcatenatedByteSource                          : loaded 2 times (x 87B)
Class [Lcom.google.common.collect.ImmutableMapEntry;                                  : loaded 2 times (x 71B)
Class [Lorg.apache.commons.io.StandardLineSeparator;                                  : loaded 2 times (x 71B)
Class org.apache.commons.io.output.StringBuilderWriter                                : loaded 2 times (x 102B)
Class com.google.common.collect.ListMultimap                                          : loaded 2 times (x 72B)
Class com.google.common.collect.ImmutableEnumMap                                      : loaded 2 times (x 128B)
Class com.google.common.base.Splitter                                                 : loaded 2 times (x 74B)
Class com.google.common.collect.Sets$1                                                : loaded 2 times (x 143B)
Class org.objectweb.asm.AnnotationVisitor                                             : loaded 2 times (x 80B)
Class org.gradle.api.internal.DefaultClassPathProvider                                : loaded 2 times (x 78B)
Class com.google.common.collect.Maps$ViewCachingAbstractMap                           : loaded 2 times (x 127B)
Class com.google.common.io.CharSource$ConcatenatedCharSource                          : loaded 2 times (x 88B)
Class com.google.common.collect.Sets$2                                                : loaded 2 times (x 143B)
Class [Lorg.gradle.api.internal.ClassPathProvider;                                    : loaded 2 times (x 71B)
Class org.gradle.api.internal.ClassPathProvider                                       : loaded 2 times (x 72B)
Class com.google.common.reflect.Types$ClassOwnership$1                                : loaded 2 times (x 82B)
Class com.google.common.base.AbstractIterator$State                                   : loaded 2 times (x 81B)
Class [Lorg.objectweb.asm.AnnotationVisitor;                                          : loaded 2 times (x 71B)
Class com.google.common.collect.Sets$3                                                : loaded 2 times (x 143B)
Class com.google.common.cache.LocalCache$LocalLoadingCache                            : loaded 2 times (x 136B)
Class org.gradle.internal.service.UnknownServiceException                             : loaded 2 times (x 85B)
Class com.google.common.reflect.Types$ClassOwnership$2                                : loaded 2 times (x 82B)
Class com.google.common.reflect.TypeResolver                                          : loaded 2 times (x 74B)
Class com.google.common.io.ByteArrayDataInput                                         : loaded 2 times (x 72B)
Class com.google.common.collect.Sets$4                                                : loaded 2 times (x 143B)
Class org.objectweb.asm.ModuleVisitor                                                 : loaded 2 times (x 83B)
Class com.google.common.cache.LocalCache$Strength$1                                   : loaded 2 times (x 83B)
Class org.apache.commons.io.output.QueueOutputStream                                  : loaded 2 times (x 89B)
Class com.google.common.reflect.Types$ClassOwnership$3                                : loaded 2 times (x 73B)
Class com.google.common.util.concurrent.SettableFuture                                : loaded 2 times (x 116B)
Class com.google.common.cache.LocalCache$Strength$2                                   : loaded 2 times (x 83B)
Class com.google.common.collect.TransformedIterator                                   : loaded 2 times (x 82B)
Class com.google.common.base.Splitter$1                                               : loaded 2 times (x 79B)
Class com.google.common.io.ByteStreams                                                : loaded 2 times (x 73B)
Class com.google.common.cache.LocalCache$Strength$3                                   : loaded 2 times (x 83B)
Class com.google.common.collect.MapDifference                                         : loaded 2 times (x 72B)
Class ijKotlinCoroutineJvmDebugInit1_3di18rgt9c67wvggpqh2755qn$_run_closure1          : loaded 2 times (x 140B)
Class com.google.common.reflect.Invokable                                             : loaded 2 times (x 105B)
Class org.objectweb.asm.FieldWriter                                                   : loaded 2 times (x 79B)
Class com.google.common.cache.CacheBuilder$NullListener                               : loaded 2 times (x 84B)
Class org.gradle.internal.classpath.TransformedClassPath                              : loaded 2 times (x 98B)
Class org.gradle.internal.classloader.InstrumentingClassLoader                        : loaded 2 times (x 72B)
Class org.apache.commons.io.output.UnsynchronizedByteArrayOutputStream                : loaded 2 times (x 104B)
Class com.google.common.reflect.Types$ParameterizedTypeImpl                           : loaded 2 times (x 83B)
Class com.google.common.collect.Iterators$ArrayItr                                    : loaded 2 times (x 99B)
Class com.google.common.cache.CacheLoader$FunctionToCacheLoader                       : loaded 2 times (x 77B)
Class com.google.common.base.Equivalence$Identity                                     : loaded 2 times (x 84B)
Class org.apache.commons.io.output.ByteArrayOutputStream                              : loaded 2 times (x 104B)
Class com.google.common.reflect.TypeResolver$TypeVariableKey                          : loaded 2 times (x 74B)
Class com.google.common.base.Joiner                                                   : loaded 2 times (x 82B)
Class com.google.common.base.MoreObjects                                              : loaded 2 times (x 73B)
Class com.google.common.collect.Platform                                              : loaded 2 times (x 73B)
Class [Lorg.objectweb.asm.Type;                                                       : loaded 2 times (x 71B)
Class com.google.common.collect.UnmodifiableIterator                                  : loaded 2 times (x 82B)
Class org.gradle.internal.service.ServiceLocator                                      : loaded 2 times (x 72B)
Class org.apache.commons.io.FileExistsException                                       : loaded 2 times (x 84B)
Class com.google.common.base.Ascii                                                    : loaded 2 times (x 73B)
Class com.google.common.collect.SingletonImmutableBiMap                               : loaded 2 times (x 145B)
Class com.google.common.collect.Iterators$SingletonIterator                           : loaded 2 times (x 83B)
Class com.google.common.cache.LocalCache$1                                            : loaded 2 times (x 91B)
Class com.google.common.collect.AbstractMapEntry                                      : loaded 2 times (x 83B)
Class com.google.common.reflect.TypeToken$SimpleTypeToken                             : loaded 2 times (x 75B)
Class com.google.common.io.CharSource$StringCharSource                                : loaded 2 times (x 88B)
Class com.google.common.io.ByteSource$ByteArrayByteSource                             : loaded 2 times (x 87B)
Class com.google.common.collect.Sets$ImprovedAbstractSet                              : loaded 2 times (x 137B)
Class com.google.common.collect.ImmutableList$Builder                                 : loaded 2 times (x 79B)
Class com.google.common.collect.AbstractMultimap                                      : loaded 2 times (x 125B)
Class com.google.common.cache.LocalCache$2                                            : loaded 2 times (x 144B)
Class com.google.common.collect.RegularImmutableAsList                                : loaded 2 times (x 219B)
Class com.google.common.base.Optional                                                 : loaded 2 times (x 82B)
Class com.google.common.util.concurrent.AbstractFuture$Trusted                        : loaded 2 times (x 72B)
Class com.google.common.collect.Iterators                                             : loaded 2 times (x 73B)
Class com.google.common.io.ByteSink$AsCharSink                                        : loaded 2 times (x 82B)
Class com.google.common.collect.Lists$StringAsImmutableList                           : loaded 2 times (x 209B)
Class com.google.common.util.concurrent.UncheckedExecutionException                   : loaded 2 times (x 84B)
Class org.gradle.kotlin.dsl.VersionCatalogAccessorsKt                                 : loaded 2 times (x 73B)
Class com.google.common.collect.AbstractMapBasedMultimap$KeySet$1                     : loaded 2 times (x 84B)
Class org.objectweb.asm.ClassWriter                                                   : loaded 2 times (x 107B)
Class com.google.common.cache.CacheLoader$UnsupportedLoadingOperationException        : loaded 2 times (x 84B)
Class com.google.common.base.CharMatcher$And                                          : loaded 2 times (x 114B)
Class org.objectweb.asm.FieldVisitor                                                  : loaded 2 times (x 79B)
Class com.google.common.collect.IndexedImmutableSet                                   : loaded 2 times (x 154B)
Class com.google.common.collect.ImmutableMap$1                                        : loaded 2 times (x 83B)
Class com.google.common.collect.BiMap                                                 : loaded 2 times (x 72B)
Class org.gradle.api.internal.classpath.DefaultModuleRegistry$DefaultModule           : loaded 2 times (x 84B)
Class com.google.common.reflect.Reflection                                            : loaded 2 times (x 73B)
Class com.google.common.base.Absent                                                   : loaded 2 times (x 82B)
Class com.google.common.primitives.Ints                                               : loaded 2 times (x 73B)
Class com.google.common.collect.AbstractIterator                                      : loaded 2 times (x 84B)
Class com.google.common.collect.ObjectArrays                                          : loaded 2 times (x 73B)
Class com.google.common.math.MathPreconditions                                        : loaded 2 times (x 73B)
Class com.google.common.collect.Multiset                                              : loaded 2 times (x 72B)
Class com.google.common.collect.ArrayListMultimapGwtSerializationDependencies         : loaded 2 times (x 173B)
Class com.google.common.collect.AbstractIndexedListIterator                           : loaded 2 times (x 98B)
Class ijJvmDebugger1_39v2qykgqaq8lrp4q95itrehb$_run_closure1                          : loaded 2 times (x 140B)
Class org.apache.commons.io.output.NullOutputStream                                   : loaded 2 times (x 87B)
Class com.google.common.collect.ImmutableMapEntrySet                                  : loaded 2 times (x 154B)
Class org.gradle.api.internal.classpath.Module                                        : loaded 2 times (x 72B)
Class com.google.common.cache.Weigher                                                 : loaded 2 times (x 72B)
Class org.gradle.api.internal.classpath.UnknownModuleException                        : loaded 2 times (x 84B)
Class com.google.common.base.Stopwatch                                                : loaded 2 times (x 74B)
Class com.google.common.cache.LocalCache$Strength                                     : loaded 2 times (x 83B)
Class com.google.common.cache.Cache                                                   : loaded 2 times (x 72B)
Class org.apache.commons.io.filefilter.IOFileFilter                                   : loaded 2 times (x 72B)
Class com.google.common.base.NullnessCasts                                            : loaded 2 times (x 73B)
Class com.google.common.util.concurrent.AbstractFuture$Cancellation                   : loaded 2 times (x 74B)
Class com.google.common.collect.ImmutableMap$Builder                                  : loaded 2 times (x 84B)
Class com.google.common.collect.AbstractMapBasedMultimap$WrappedCollection$WrappedIterator: loaded 2 times (x 86B)
Class com.google.common.base.Present                                                  : loaded 2 times (x 83B)
Class com.google.common.cache.RemovalListener                                         : loaded 2 times (x 72B)
Class org.gradle.api.internal.DefaultClassPathRegistry                                : loaded 2 times (x 78B)
Class org.apache.commons.io.file.DeleteOption                                         : loaded 2 times (x 72B)
Class com.google.common.reflect.Invokable$ConstructorInvokable                        : loaded 2 times (x 109B)
Class com.google.common.primitives.IntsMethodsForWeb                                  : loaded 2 times (x 73B)
Class com.google.common.collect.Multimap                                              : loaded 2 times (x 72B)
Class org.gradle.internal.classpath.DefaultClassPath$ImmutableUniqueList              : loaded 2 times (x 201B)
Class org.gradle.api.internal.ClassPathRegistry                                       : loaded 2 times (x 72B)
Class org.apache.commons.io.IOUtils                                                   : loaded 2 times (x 73B)
Class com.google.common.reflect.TypeToken                                             : loaded 2 times (x 75B)
Class com.google.common.collect.ImmutableCollection$Builder                           : loaded 2 times (x 78B)
Class com.google.common.io.ByteSink                                                   : loaded 2 times (x 78B)
Class com.google.common.collect.SingletonImmutableList                                : loaded 2 times (x 209B)
Class com.google.common.cache.CacheBuilder                                            : loaded 2 times (x 74B)
Class Settings_gradle$1                                                               : loaded 2 times (x 76B)
Class org.gradle.internal.classpath.ClassPath                                         : loaded 2 times (x 72B)
Class [Lcom.google.common.reflect.Types$JavaVersion;                                  : loaded 2 times (x 71B)
Class com.google.common.io.Files$FileByteSource                                       : loaded 2 times (x 87B)
Class com.google.common.base.JdkPattern                                               : loaded 2 times (x 77B)
Class com.google.common.collect.ImmutableList$ReverseImmutableList                    : loaded 2 times (x 211B)
Class com.google.common.io.CharSource$CharSequenceCharSource                          : loaded 2 times (x 88B)
Class com.google.errorprone.annotations.DoNotMock                                     : loaded 2 times (x 72B)
Class org.objectweb.asm.SymbolTable$Entry                                             : loaded 2 times (x 75B)
Class org.gradle.api.internal.classpath.DefaultModuleRegistry$DefaultModuleAlias      : loaded 2 times (x 82B)
Class org.objectweb.asm.Edge                                                          : loaded 2 times (x 74B)
Class com.google.common.collect.Iterators$1                                           : loaded 2 times (x 83B)
Class com.google.common.base.Suppliers$SupplierOfInstance                             : loaded 2 times (x 81B)
Class com.google.common.reflect.TypeToken$1                                           : loaded 2 times (x 112B)
Class com.google.common.collect.SingletonImmutableSet                                 : loaded 2 times (x 148B)
Class com.google.common.cache.LocalCache$ComputingValueReference                      : loaded 2 times (x 98B)
Class com.google.common.collect.ImmutableMap$IteratorBasedImmutableMap                : loaded 2 times (x 128B)
Class com.google.common.reflect.TypeToken$2                                           : loaded 2 times (x 112B)
Class com.google.common.cache.LocalCache$Segment                                      : loaded 2 times (x 155B)
Class com.google.common.collect.AbstractListMultimap                                  : loaded 2 times (x 173B)
Class [Lorg.objectweb.asm.SymbolTable$Entry;                                          : loaded 2 times (x 71B)
Class com.google.common.collect.Iterators$4                                           : loaded 2 times (x 84B)
Class com.google.common.cache.CacheLoader                                             : loaded 2 times (x 76B)
Class com.google.common.collect.ImmutableBiMap                                        : loaded 2 times (x 145B)
Class org.gradle.api.internal.classpath.ModuleRegistry                                : loaded 2 times (x 72B)
Class org.gradle.internal.installation.GradleInstallation$1                           : loaded 2 times (x 77B)
Class org.apache.commons.io.output.NullWriter                                         : loaded 2 times (x 101B)
Class com.google.common.base.Splitter$SplittingIterator                               : loaded 2 times (x 85B)
Class com.google.common.collect.ImmutableSet$JdkBackedSetBuilderImpl                  : loaded 2 times (x 78B)
Class com.google.common.util.concurrent.internal.InternalFutureFailureAccess          : loaded 2 times (x 74B)
Class com.google.common.collect.Iterators$5                                           : loaded 2 times (x 84B)
Class com.google.common.cache.LocalCache$LocalManualCache$1                           : loaded 2 times (x 77B)
Class com.google.common.base.CharMatcher$ForPredicate                                 : loaded 2 times (x 114B)
Class com.google.common.base.CharMatcher$AnyOf                                        : loaded 2 times (x 114B)
Class com.google.common.collect.ImmutableCollection                                   : loaded 2 times (x 127B)
Class org.gradle.api.internal.classpath.DefaultModuleRegistry                         : loaded 2 times (x 86B)
Class com.google.common.collect.Lists                                                 : loaded 2 times (x 73B)
Class com.google.common.util.concurrent.ListenableFuture                              : loaded 2 times (x 72B)
Class com.google.common.cache.ReferenceEntry                                          : loaded 2 times (x 72B)
Class com.google.common.base.Converter                                                : loaded 2 times (x 92B)
Class com.google.common.collect.ImmutableSet$CachingAsList                            : loaded 2 times (x 150B)
Class com.google.common.collect.AbstractMapBasedMultimap                              : loaded 2 times (x 140B)
Class com.google.common.util.concurrent.AbstractFuture                                : loaded 2 times (x 108B)
Class com.google.common.collect.Iterators$9                                           : loaded 2 times (x 83B)
Class com.google.common.collect.ImmutableAsList                                       : loaded 2 times (x 211B)
Class com.google.common.base.FunctionalEquivalence                                    : loaded 2 times (x 85B)
Class com.google.common.reflect.TypeResolver$TypeTable                                : loaded 2 times (x 75B)
Class org.objectweb.asm.RecordComponentVisitor                                        : loaded 2 times (x 79B)
Class com.google.common.cache.CacheLoader$SupplierToCacheLoader                       : loaded 2 times (x 77B)
Class com.google.common.reflect.TypeResolver$TypeTable$1                              : loaded 2 times (x 75B)
Class com.google.common.collect.Maps$EntryTransformer                                 : loaded 2 times (x 72B)
Class ijKotlinCoroutineJvmDebugInit1_3di18rgt9c67wvggpqh2755qn                        : loaded 2 times (x 173B)
Class org.gradle.internal.service.ServiceLookupException                              : loaded 2 times (x 84B)
Class [Lcom.google.common.cache.LocalCache$EntryFactory;                              : loaded 2 times (x 71B)
Class org.gradle.internal.classloader.ClassLoaderFactory                              : loaded 2 times (x 72B)
Class org.apache.commons.io.CloseableURLConnection                                    : loaded 2 times (x 118B)
Class com.google.common.base.CommonPattern                                            : loaded 2 times (x 76B)
Class com.google.common.cache.LocalCache$LocalManualCache                             : loaded 2 times (x 101B)
Class com.google.common.base.CharMatcher$IsNot                                        : loaded 2 times (x 113B)
Class org.gradle.internal.service.CachingServiceLocator                               : loaded 2 times (x 84B)
Class com.google.common.collect.AbstractMapBasedMultimap$KeySet                       : loaded 2 times (x 139B)
Class com.google.common.math.IntMath                                                  : loaded 2 times (x 73B)
Class com.google.common.reflect.Types$TypeVariableInvocationHandler                   : loaded 2 times (x 77B)
Class com.google.common.collect.ImmutableMapEntry                                     : loaded 2 times (x 87B)
Class com.google.common.base.Equivalence                                              : loaded 2 times (x 84B)
Class com.google.common.base.Function                                                 : loaded 2 times (x 72B)
Class com.google.common.collect.ImmutableMapEntry$NonTerminalImmutableMapEntry        : loaded 2 times (x 87B)
Class org.apache.commons.io.output.AbstractByteArrayOutputStream                      : loaded 2 times (x 104B)
Class com.google.common.collect.RegularImmutableList                                  : loaded 2 times (x 215B)
Class com.google.common.cache.CacheBuilder$OneWeigher                                 : loaded 2 times (x 84B)
Class com.google.common.reflect.Types$ClassOwnership$1LocalClass                      : loaded 2 times (x 73B)
Class org.gradle.internal.classloader.ClasspathUtil                                   : loaded 2 times (x 73B)
Class com.google.common.util.concurrent.Uninterruptibles                              : loaded 2 times (x 73B)
Class com.google.common.io.CharSource                                                 : loaded 2 times (x 87B)
Class com.google.common.util.concurrent.LazyLogger                                    : loaded 2 times (x 74B)
Class com.google.common.collect.Maps                                                  : loaded 2 times (x 73B)
Class org.gradle.api.specs.Spec                                                       : loaded 2 times (x 72B)
Class com.google.common.reflect.Types$JavaVersion                                     : loaded 2 times (x 85B)
Class org.apache.commons.io.file.PathFilter                                           : loaded 2 times (x 72B)
Class [Lcom.google.common.collect.ImmutableEntry;                                     : loaded 2 times (x 71B)
Class com.google.common.cache.LocalCache$LoadingValueReference                        : loaded 2 times (x 98B)
Class com.google.common.reflect.Invokable$MethodInvokable                             : loaded 2 times (x 109B)
Class com.google.common.collect.AbstractMapBasedMultimap$AsMap                        : loaded 2 times (x 130B)
Class com.google.common.base.Platform                                                 : loaded 2 times (x 73B)
Class com.google.common.collect.AbstractMapBasedMultimap$WrappedList                  : loaded 2 times (x 207B)
Class [Lorg.objectweb.asm.AnnotationWriter;                                           : loaded 2 times (x 71B)
Class com.google.common.collect.Maps$8                                                : loaded 2 times (x 84B)
Class com.google.common.collect.Sets$SetView                                          : loaded 2 times (x 141B)
Class com.google.common.cache.LocalCache$StrongValueReference                         : loaded 2 times (x 92B)
Class com.google.common.graph.SuccessorsFunction                                      : loaded 2 times (x 72B)
Class org.objectweb.asm.Type                                                          : loaded 2 times (x 74B)
Class org.gradle.internal.classloader.VisitableURLClassLoader$InstrumentingVisitableURLClassLoader: loaded 2 times (x 124B)
Class org.apache.commons.io.FileUtils                                                 : loaded 2 times (x 73B)
Class com.google.common.io.Files$FileByteSink                                         : loaded 2 times (x 79B)
Class com.google.common.math.IntMath$1                                                : loaded 2 times (x 73B)
Class org.objectweb.asm.ByteVector                                                    : loaded 2 times (x 81B)
Class [Lcom.google.common.cache.CacheBuilder$NullListener;                            : loaded 2 times (x 71B)
Class org.gradle.internal.classloader.VisitableURLClassLoader$Spec                    : loaded 2 times (x 76B)
Class org.gradle.internal.classpath.DefaultClassPath                                  : loaded 2 times (x 92B)
Class com.google.common.reflect.Types$ClassOwnership                                  : loaded 2 times (x 82B)
Class com.google.common.base.AbstractIterator                                         : loaded 2 times (x 82B)
Class org.objectweb.asm.Symbol                                                        : loaded 2 times (x 75B)
Class com.google.common.io.Closer                                                     : loaded 2 times (x 80B)
Class com.google.common.base.CharMatcher$BitSetMatcher                                : loaded 2 times (x 114B)
Class com.google.common.collect.RegularImmutableMap$Values                            : loaded 2 times (x 209B)
Class com.google.common.collect.ImmutableSet                                          : loaded 2 times (x 147B)
Class org.gradle.internal.classloader.ClassLoaderSpec                                 : loaded 2 times (x 73B)
Class com.google.common.io.ByteSource$EmptyByteSource                                 : loaded 2 times (x 87B)
Class org.objectweb.asm.AnnotationWriter                                              : loaded 2 times (x 80B)
Class com.google.common.cache.CacheStats                                              : loaded 2 times (x 73B)
Class ijKotlinCoroutineJvmDebugInit1_3di18rgt9c67wvggpqh2755qn$_run_closure1$_closure2: loaded 2 times (x 140B)
Class com.google.common.io.LineProcessor                                              : loaded 2 times (x 72B)
Class com.google.common.io.Closer$Suppressor                                          : loaded 2 times (x 72B)
Class org.objectweb.asm.RecordComponentWriter                                         : loaded 2 times (x 79B)
Class com.google.common.util.concurrent.AbstractFuture$Listener                       : loaded 2 times (x 74B)
Class com.google.common.base.CharMatcher$Or                                           : loaded 2 times (x 114B)
Class Settings_gradle$1$1                                                             : loaded 2 times (x 76B)
Class org.gradle.api.internal.classpath.Module$ModuleAlias                            : loaded 2 times (x 72B)
Class org.objectweb.asm.Attribute                                                     : loaded 2 times (x 79B)
Class com.google.common.base.Supplier                                                 : loaded 2 times (x 72B)
Class org.gradle.internal.classloader.VisitableURLClassLoader                         : loaded 2 times (x 118B)
Class com.google.common.io.CharSource$AsByteSource                                    : loaded 2 times (x 87B)
Class Settings_gradle                                                                 : loaded 2 times (x 126B)
Class org.gradle.internal.Cast                                                        : loaded 2 times (x 73B)
Class org.gradle.api.Action                                                           : loaded 2 times (x 72B)
Class com.google.common.base.Strings                                                  : loaded 2 times (x 73B)
Class com.google.common.collect.Sets                                                  : loaded 2 times (x 73B)
Class org.objectweb.asm.Handler                                                       : loaded 2 times (x 74B)
Class com.google.common.base.Ticker                                                   : loaded 2 times (x 74B)
Class com.google.common.base.CharMatcher$FastMatcher                                  : loaded 2 times (x 113B)
Class [Lcom.google.common.cache.LocalCache$Segment;                                   : loaded 2 times (x 71B)
Class [Lcom.google.common.cache.LocalCache$Strength;                                  : loaded 2 times (x 71B)
Class com.google.common.cache.CacheBuilder$1                                          : loaded 2 times (x 87B)
Class com.google.common.base.Predicate                                                : loaded 2 times (x 72B)
Class com.google.common.collect.ImmutableMap                                          : loaded 2 times (x 122B)
Class org.gradle.internal.classpath.DefaultClassPath$ImmutableUniqueList$Builder      : loaded 2 times (x 77B)
Class com.google.common.cache.LocalCache                                              : loaded 2 times (x 188B)
Class com.google.common.cache.CacheBuilder$2                                          : loaded 2 times (x 81B)
Class com.google.common.base.CharMatcher$NegatedFastMatcher                           : loaded 2 times (x 115B)
Class com.google.common.collect.ArrayListMultimap                                     : loaded 2 times (x 173B)
Class com.google.common.cache.CacheBuilder$3                                          : loaded 2 times (x 74B)
Class [Lcom.google.common.collect.AbstractMapEntry;                                   : loaded 2 times (x 71B)
Class com.google.common.collect.ImmutableEntry                                        : loaded 2 times (x 84B)
Class org.gradle.api.GradleException                                                  : loaded 2 times (x 84B)
Class org.apache.commons.io.StandardLineSeparator                                     : loaded 2 times (x 81B)
Class com.google.common.io.CharSource$EmptyCharSource                                 : loaded 2 times (x 88B)
Class com.google.common.collect.CollectPreconditions                                  : loaded 2 times (x 73B)
Class [Lcom.google.common.io.FileWriteMode;                                           : loaded 2 times (x 71B)
Class com.google.common.collect.SortedMapDifference                                   : loaded 2 times (x 72B)
Class com.google.common.io.Files                                                      : loaded 2 times (x 73B)
Class com.google.common.cache.LocalCache$EntryFactory                                 : loaded 2 times (x 85B)
Class com.google.common.reflect.Types$NativeTypeVariableEquals                        : loaded 2 times (x 73B)
Class com.google.common.reflect.TypeParameter                                         : loaded 2 times (x 74B)
Class com.google.common.cache.LocalCache$AbstractReferenceEntry                       : loaded 2 times (x 109B)
Class ijJvmDebugger1_39v2qykgqaq8lrp4q95itrehb                                        : loaded 2 times (x 173B)
Class org.gradle.internal.IoActions                                                   : loaded 2 times (x 73B)
Class org.objectweb.asm.SymbolTable                                                   : loaded 2 times (x 74B)
Class com.google.common.collect.ImmutableSet$RegularSetBuilderImpl                    : loaded 2 times (x 78B)
Class com.google.common.cache.CacheLoader$InvalidCacheLoadException                   : loaded 2 times (x 84B)
Class com.google.common.cache.LocalCache$StrongEntry                                  : loaded 2 times (x 110B)
Class com.google.common.util.concurrent.AbstractFuture$TrustedFuture                  : loaded 2 times (x 116B)
Class com.google.common.cache.LoadingCache                                            : loaded 2 times (x 72B)
Class com.google.common.io.ByteStreams$LimitedInputStream                             : loaded 2 times (x 94B)
Class org.objectweb.asm.MethodWriter                                                  : loaded 2 times (x 107B)
Class [Lcom.google.common.cache.Weigher;                                              : loaded 2 times (x 71B)
Class com.google.common.collect.RegularImmutableMap$BucketOverflowException           : loaded 2 times (x 84B)
Class com.google.common.collect.AbstractMapBasedMultimap$RandomAccessWrappedList      : loaded 2 times (x 207B)
Class com.google.common.reflect.Types$JavaVersion$1                                   : loaded 2 times (x 85B)
Class com.google.common.collect.RegularImmutableBiMap                                 : loaded 2 times (x 150B)
Class com.google.common.cache.LocalCache$ValueReference                               : loaded 2 times (x 72B)
Class com.google.common.base.CharMatcher$Negated                                      : loaded 2 times (x 115B)
Class com.google.common.base.CharMatcher$Is                                           : loaded 2 times (x 113B)
Class com.google.common.reflect.Types$JavaVersion$2                                   : loaded 2 times (x 85B)
Class com.google.common.reflect.Types                                                 : loaded 2 times (x 73B)
Class com.google.common.hash.PrimitiveSink                                            : loaded 2 times (x 72B)
Class com.google.common.base.PatternCompiler                                          : loaded 2 times (x 72B)
Class com.google.common.util.concurrent.AbstractFuture$Failure                        : loaded 2 times (x 74B)
Class com.google.common.base.Equivalence$Equals                                       : loaded 2 times (x 84B)
Class com.google.common.collect.Hashing                                               : loaded 2 times (x 73B)
Class com.google.common.base.Preconditions                                            : loaded 2 times (x 73B)
Class com.google.common.reflect.Types$JavaVersion$3                                   : loaded 2 times (x 85B)
Class [Lorg.apache.commons.io.file.DeleteOption;                                      : loaded 2 times (x 71B)
Class com.google.common.io.CharSink                                                   : loaded 2 times (x 81B)
Class com.google.common.base.Joiner$1                                                 : loaded 2 times (x 83B)
Class org.objectweb.asm.Label                                                         : loaded 2 times (x 75B)
Class org.objectweb.asm.CurrentFrame                                                  : loaded 2 times (x 75B)
Class org.objectweb.asm.ClassTooLargeException                                        : loaded 2 times (x 84B)
Class com.google.common.collect.PeekingIterator                                       : loaded 2 times (x 72B)
Class com.google.common.base.CharMatcher                                              : loaded 2 times (x 113B)
Class ijJvmDebugger1_39v2qykgqaq8lrp4q95itrehb$_run_closure1$_closure2                : loaded 2 times (x 141B)
Class com.google.common.collect.Maps$IteratorBasedAbstractMap                         : loaded 2 times (x 127B)
Class com.google.common.reflect.Types$JavaVersion$4                                   : loaded 2 times (x 85B)
Class com.google.common.collect.Table                                                 : loaded 2 times (x 72B)
Class com.google.common.io.ByteSource$AsCharSource                                    : loaded 2 times (x 88B)
Class com.google.common.base.Joiner$2                                                 : loaded 2 times (x 82B)
Class org.objectweb.asm.Frame                                                         : loaded 2 times (x 75B)
Class org.objectweb.asm.MethodVisitor                                                 : loaded 2 times (x 107B)
Class com.google.common.cache.LocalCache$EntryFactory$1                               : loaded 2 times (x 85B)
Class [Lcom.google.common.cache.RemovalListener;                                      : loaded 2 times (x 71B)
Class com.google.common.base.CharMatcher$NamedFastMatcher                             : loaded 2 times (x 114B)
Class com.google.common.base.CharMatcher$1                                            : loaded 2 times (x 115B)
Class com.google.common.reflect.Types$JavaVersion$5                                   : loaded 2 times (x 73B)
Class [Lcom.google.common.reflect.Types$ClassOwnership;                               : loaded 2 times (x 71B)
Class com.google.common.cache.LocalCache$EntryFactory$2                               : loaded 2 times (x 85B)
Class org.objectweb.asm.ModuleWriter                                                  : loaded 2 times (x 83B)
Class com.google.common.cache.LocalCache$EntryFactory$3                               : loaded 2 times (x 85B)
Class com.google.common.base.Ticker$1                                                 : loaded 2 times (x 74B)
Class com.google.common.collect.Maps$BiMapConverter                                   : loaded 2 times (x 92B)
Class com.google.common.collect.ImmutableMapEntrySet$RegularEntrySet                  : loaded 2 times (x 154B)
Class com.google.common.collect.ImmutableSet$Builder                                  : loaded 2 times (x 87B)
Class com.google.common.cache.LocalCache$EntryFactory$4                               : loaded 2 times (x 85B)
Class com.google.common.base.CharMatcher$InRange                                      : loaded 2 times (x 113B)
Class com.google.common.io.ByteStreams$1                                              : loaded 2 times (x 87B)
Class com.google.common.cache.LocalCache$EntryFactory$5                               : loaded 2 times (x 85B)
Class com.google.common.base.PairwiseEquivalence                                      : loaded 2 times (x 85B)
Class org.apache.commons.io.output.AppendableWriter                                   : loaded 2 times (x 102B)
Class com.google.common.cache.LocalCache$EntryFactory$6                               : loaded 2 times (x 85B)
Class org.gradle.internal.installation.CurrentGradleInstallationLocator               : loaded 2 times (x 73B)
Class org.apache.commons.io.output.ThresholdingOutputStream                           : loaded 2 times (x 97B)
Class com.google.common.io.ByteSource$SlicedByteSource                                : loaded 2 times (x 87B)
Class com.google.common.collect.Maps$KeySet                                           : loaded 2 times (x 139B)
Class com.google.common.collect.ImmutableSet$EmptySetBuilderImpl                      : loaded 2 times (x 78B)
Class com.google.common.cache.LocalCache$EntryFactory$7                               : loaded 2 times (x 85B)
Class com.google.common.collect.ImmutableList                                         : loaded 2 times (x 208B)
Class org.gradle.internal.service.DefaultServiceLocator                               : loaded 2 times (x 85B)
Class com.google.common.collect.Maps$EntrySet                                         : loaded 2 times (x 138B)
Class com.google.common.collect.ImmutableSet$SetBuilderImpl                           : loaded 2 times (x 78B)
Class com.google.common.cache.LocalCache$EntryFactory$8                               : loaded 2 times (x 85B)
Class org.gradle.internal.installation.CurrentGradleInstallation                      : loaded 2 times (x 75B)
Class com.google.common.collect.ImmutableList$SubList                                 : loaded 2 times (x 211B)
Class com.google.common.cache.CacheLoader$1                                           : loaded 2 times (x 77B)
Class org.gradle.util.internal.GUtil                                                  : loaded 2 times (x 73B)
Class com.google.common.io.ByteSource                                                 : loaded 2 times (x 86B)
Class com.google.common.cache.AbstractCache$StatsCounter                              : loaded 2 times (x 72B)
Class com.google.common.reflect.Types$TypeVariableImpl                                : loaded 2 times (x 74B)
Class com.google.common.collect.Iterators$MergingIterator                             : loaded 2 times (x 83B)
Class com.google.common.collect.RegularImmutableSet                                   : loaded 2 times (x 150B)
Class org.gradle.internal.installation.GradleInstallation                             : loaded 2 times (x 77B)
Class com.google.common.base.Splitter$Strategy                                        : loaded 2 times (x 72B)
Class com.google.common.collect.Iterables                                             : loaded 2 times (x 73B)

---------------  S Y S T E M  ---------------

OS:
 Windows 11 , 64 bit Build 26100 (10.0.26100.9168)
OS uptime: 7 days 7:29 hours
Hyper-V role detected

CPU: total 12 (initial active 12) (12 cores per cpu, 2 threads per core) family 25 model 80 stepping 0 microcode 0xa50000d, cx8, cmov, fxsr, ht, mmx, 3dnowpref, sse, sse2, sse3, ssse3, sse4a, sse4.1, sse4.2, popcnt, lzcnt, tsc, tscinvbit, avx, avx2, aes, erms, clmul, bmi1, bmi2, adx, sha, fma, vzeroupper, clflush, clflushopt, clwb, hv, rdtscp, rdpid, fsrm, f16c, cet_ss
Processor Information for processor 0
  Max Mhz: 2000, Current Mhz: 1808, Mhz Limit: 2000
Processor Information for processor 1
  Max Mhz: 2000, Current Mhz: 2000, Mhz Limit: 2000
Processor Information for processor 2
  Max Mhz: 2000, Current Mhz: 1808, Mhz Limit: 2000
Processor Information for processor 3
  Max Mhz: 2000, Current Mhz: 2000, Mhz Limit: 2000
Processor Information for processor 4
  Max Mhz: 2000, Current Mhz: 2000, Mhz Limit: 2000
Processor Information for processor 5
  Max Mhz: 2000, Current Mhz: 1808, Mhz Limit: 2000
Processor Information for processor 6
  Max Mhz: 2000, Current Mhz: 1808, Mhz Limit: 2000
Processor Information for processor 7
  Max Mhz: 2000, Current Mhz: 2000, Mhz Limit: 2000
Processor Information for processor 8
  Max Mhz: 2000, Current Mhz: 2000, Mhz Limit: 2000
Processor Information for processor 9
  Max Mhz: 2000, Current Mhz: 2000, Mhz Limit: 2000
Processor Information for processor 10
  Max Mhz: 2000, Current Mhz: 2000, Mhz Limit: 2000
Processor Information for processor 11
  Max Mhz: 2000, Current Mhz: 1808, Mhz Limit: 2000

Memory: 4k page, system-wide physical 5981M (23M free)
TotalPageFile size 24413M (AvailPageFile size 16M)
current process WorkingSet (physical memory assigned to process): 372M, peak: 392M
current process commit charge ("private bytes"): 622M, peak: 1179M

vm_info: OpenJDK 64-Bit Server VM (25.0.2+-15348964-b329.117) for windows-amd64 JRE (25.0.2+-15348964-b329.117), built on 2026-05-05T18:25:19Z with MS VC++ 16.10 / 16.11 (VS2019)

END.
